date,portfolio_value,MU_shares,MU_value,ALK_shares,ALK_value,WDC_shares,WDC_value,STX_shares,STX_value,AMD_shares,AMD_value,HAS_shares,HAS_value,DECK_shares,DECK_value,UNH_shares,UNH_value,GE_shares,GE_value,UAL_shares,UAL_value,TPR_shares,TPR_value,LRCX_shares,LRCX_value,NEM_shares,NEM_value,CNC_shares,CNC_value,MMM_shares,MMM_value,SWKS_shares,SWKS_value,VFC_shares,VFC_value,run,AAPL_shares,AAPL_value,CSCO_shares,CSCO_value
2010-08-31,0.0,,,,,,,,,,,,,,,,,,,,,,,,,,,,,,,,,,,1,,,,
2010-09-30,100.0,7.100231274031796,50.0,1.0895785854980276,12.5,0.7269535072988745,12.5,2.0369478076415226,12.5,1.7580871681111163,12.5,,,,,,,,,,,,,,,,,,,,,,,,,1,,,,
2010-10-31,112.82242643740344,7.100231274031796,57.28154997953372,1.0895785854980276,12.933568891081627,0.7269535072988745,14.093865752975791,2.0369478076415226,15.609081731613882,1.7580871681111163,12.904360082198409,,,,,,,,,,,,,,,,,,,,,,,,,1,,,,
2010-11-30,105.6845424266176,7.100231274031796,50.41607996102435,1.0895785854980276,13.472469586490996,0.7269535072988745,14.74990951350043,2.0369478076415226,14.229627977137486,1.7580871681111163,12.816455388464336,,,,,,,,,,,,,,,,,,,,,,,,,1,,,,
2010-12-31,114.7594597987012,7.100231274031796,55.61719627889529,,,0.7269535072988745,14.926028187861842,2.0369478076415226,15.948639728299211,1.7580871681111163,14.381153571674558,0.4765106320462666,13.886442031970294,,,,,,,,,,,,,,,,,,,,,,,1,,,,
2011-01-31,129.67026541859144,7.100231274031796,73.09292706386935,,,0.7269535072988745,14.978864206136398,2.0369478076415226,14.85568420906222,1.7580871681111163,13.765822392178636,0.4765106320462666,12.976967547344833,,,,,,,,,,,,,,,,,,,,,,,1,,,,
2011-03-31,140.23466367095375,7.100231274031796,79.54231373570028,1.0163910018626814,14.49148712928942,0.7269535072988745,16.418631145303404,2.0369478076415226,15.29074453137123,,,,,1.009273673950289,14.49148712928942,,,,,,,,,,,,,,,,,,,,,1,,,,
2011-04-30,144.04859608287938,7.100231274031796,78.5020715124631,1.0163910018626814,15.051316591209972,0.7269535072988745,17.523774128392883,2.0369478076415226,18.696939752907877,,,,,1.009273673950289,14.274494097905547,,,,,,,,,,,,,,,,,,,,,1,,,,
2011-05-31,135.63627105291783,7.100231274031796,70.73508983325316,1.0163910018626814,15.432909097665672,0.7269535072988745,16.136840434392877,2.0369478076415226,18.007293007293008,,,,,1.009273673950289,15.324138680313114,,,,,,,,,,,,,,,,,,,,,1,,,,
2011-06-30,115.68102582723265,7.100231274031796,51.87238860266945,1.0163910018626814,15.64313121231733,0.7269535072988745,16.01796424621335,2.0369478076415226,17.32131191921085,,,,,1.009273673950289,14.826229846821658,,,,,,,,,,,,,,,,,,,,,1,,,,
2011-07-31,111.83134299310656,7.100231274031796,51.109566876656224,1.0163910018626814,13.965936204537249,0.7269535072988745,15.172592113481771,2.0369478076415226,14.888177825145766,,,,,1.009273673950289,16.695069973285538,,,,,,,,,,,,,,,,,,,,,1,,,,
2011-08-31,94.5367175702688,7.100231274031796,40.98473780986776,1.0163910018626814,13.191321135345746,0.7269535072988745,12.98432323474788,2.0369478076415226,12.412170884367953,,,,,1.009273673950289,14.96416450593947,,,,,,,,,,,,,,,,,,,,,1,,,,
2011-09-30,85.9798845936837,7.100231274031796,34.951454798639915,1.0163910018626814,12.862280522655482,0.7269535072988745,11.324406912713778,2.0369478076415226,11.171086474473542,,,,,1.009273673950289,15.670655885200995,,,,,,,,,,,,,,,,,,,,,1,,,,
2011-10-31,102.63187880167284,7.100231274031796,38.76559728524712,1.0163910018626814,15.202122187047372,0.7269535072988745,11.72947819988049,2.0369478076415226,17.54989781615393,,,,,1.009273673950289,19.38478331334394,,,,,,,,,,,,,,,,,,,,,1,,,,
2011-11-30,107.11039476655009,7.100231274031796,41.53951786254177,1.0163910018626814,15.862490974573513,0.7269535072988745,12.799401330448266,2.0369478076415226,18.582257316182332,,,,,1.009273673950289,18.326727282804196,,,,,,,,,,,,,,,,,,,,,1,,,,
2011-12-31,105.13945558618563,7.100231274031796,43.61996506682097,1.0163910018626814,17.158086690755933,0.7269535072988745,13.627154524319431,2.0369478076415226,18.022447111380277,,,,,1.009273673950289,12.711802192909037,,,,,,,,,,,,,,,,,,,,,1,,,,
2012-01-31,122.93638193032297,7.100231274031796,52.70456883864277,1.0163910018626814,17.395725625445134,0.7269535072988745,16.00475454836782,2.0369478076415226,23.23136977637974,,,,,1.009273673950289,13.599963141487496,,,,,,,,,,,,,,,,,,,,,1,,,,
2012-02-29,133.67595700982895,7.100231274031796,59.29264883081514,1.0163910018626814,15.668260470209262,0.7269535072988745,17.281609737911385,2.0369478076415226,28.85788795497182,,,,,1.009273673950289,12.575550015921335,,,,,,,,,,,,,,,,,,,,,1,,,,
2012-03-31,131.28394387160048,7.100231274031796,56.17198987418571,,,,,2.0369478076415226,29.912569697029035,,,,,1.009273673950289,10.605784062091836,0.3621142823399536,17.296800119146948,0.2308633099716634,17.296800119146948,,,,,,,,,,,,,,,,,1,,,,
2012-04-30,121.81051034707932,7.100231274031796,45.70041565675427,,,,,2.0369478076415226,34.128724682972106,,,,,1.009273673950289,8.58050871070757,0.3621142823399536,16.52635827735338,0.2308633099716634,16.87450301929201,,,,,,,,,,,,,,,,,1,,,,
2012-05-31,108.9479471955573,7.100231274031796,40.49930272453743,,,,,2.0369478076415226,26.217549994945394,,,,,1.009273673950289,9.364376942623425,0.3621142823399536,16.414509852666697,0.2308633099716634,16.45220768078435,,,,,,,,,,,,,,,,,1,,,,
2012-06-30,114.01232264601865,7.100231274031796,43.75865838716241,0.7856470783663659,12.68171299694527,0.6869500437080326,12.68171299694527,2.0369478076415226,27.672219661895447,,,,,,,0.3621142823399536,17.21801860307024,,,,,,,,,,,,,,,,,,,1,,,,
2012-07-31,120.6072014243818,7.100231274031796,43.06517824283875,0.7856470783663659,12.310796071376434,0.6869500437080326,16.546978359187605,2.0369478076415226,33.591596098388344,,,,,,,0.3621142823399536,15.09265265259069,,,,,,,,,,,,,,,,,,,1,,,,
2012-08-31,124.1759442467101,7.100231274031796,43.06517824283875,0.7856470783663659,11.851569374036572,0.6869500437080326,17.399915212410757,2.0369478076415226,35.8183538676203,,,,,,,0.3621142823399536,16.040927549803726,,,,,,,,,,,,,,,,,,,1,,,,
2012-09-30,121.31997194557604,7.100231274031796,41.4701762808522,0.7856470783663659,12.384980954993082,0.6869500437080326,16.11426461057107,2.0369478076415226,34.981717557337916,,,,,,,0.3621142823399536,16.36883254182176,,,,,,,,,,,,,,,,,,,1,,,,
2012-10-31,112.98699975512444,7.100231274031796,37.656030408590894,0.7856470783663659,13.508320153055294,0.6869500437080326,14.332334635075838,2.0369478076415226,30.880177017652112,,,,,,,0.3621142823399536,16.610137540750287,,,,,,,,,,,,,,,,,,,1,,,,
2012-11-30,114.99277386081484,7.100231274031796,41.40082792785442,0.7856470783663659,15.10148196232747,0.6869500437080326,13.99736577716941,2.0369478076415226,28.36050659814471,,,,,,,0.3621142823399536,16.13259159531884,,,,,,,,,,,,,,,,,,,1,,,,
2012-12-31,127.81432421774484,7.100231274031796,43.96670344615574,0.7856470783663659,15.221583971217443,0.6869500437080326,17.790851536894696,2.0369478076415226,34.74708439388751,,,,,,,0.3621142823399536,16.08810086958945,,,,,,,,,,,,,,,,,,,1,,,,
2013-01-31,144.30101007387358,7.100231274031796,52.42717204099756,0.7856470783663659,16.295471075710534,0.6869500437080326,19.80899265384203,2.0369478076415226,39.32828991695139,,,,,,,0.3621142823399536,16.44108438637205,,,,,,,,,,,,,,,,,,,1,,,,
2013-03-31,172.35004013062184,7.100231274031796,69.20943283861027,0.7856470783663659,22.59393342918259,0.6869500437080326,21.195624471861716,2.0369478076415226,42.31438077661588,,,,,,,,,,,0.53222960036492,17.036668614351374,,,,,,,,,,,,,,,1,,,,
2013-04-30,170.18968703213295,7.100231274031796,65.32592507073478,0.7856470783663659,21.7743932126584,0.6869500437080326,23.421945172729625,2.0369478076415226,42.47640789028219,,,,,,,,,,,0.53222960036492,17.191015685727955,,,,,,,,,,,,,,,1,,,,
2013-05-31,195.03556400227131,7.100231274031796,80.99860544907486,0.7856470783663659,20.07172530836635,0.6869500437080326,26.828464675247805,2.0369478076415226,49.86059622900775,,,,,,,,,,,0.53222960036492,17.27617234057455,,,,,,,,,,,,,,,1,,,,
2013-06-30,213.0831563364692,7.100231274031796,99.3758546660577,0.7856470783663659,18.36905290856566,0.6869500437080326,26.307316695349936,2.0369478076415226,52.37746738380682,,,,,,,,,,,,,0.4224496673202536,16.653464682689098,,,,,,,,,,,,,1,,,,
2013-07-31,204.2026559497517,7.100231274031796,91.81691466018698,0.7856470783663659,21.60836358897493,0.6869500437080326,27.39160103004777,2.0369478076415226,47.79750900018968,,,,,,,,,,,,,0.4224496673202536,15.588267670352312,,,,,,,,,,,,,1,,,,
2013-08-31,200.75127809749128,7.100231274031796,94.1053933808431,0.7856470783663659,20.001070897536856,0.6869500437080326,26.378987546849167,2.0369478076415226,44.771455285854856,,,,,,,,,,,,,0.4224496673202536,15.494370986407295,,,,,,,,,,,,,1,,,,
2013-09-30,237.92093305944556,7.100231274031796,121.15114948035288,0.7856470783663659,22.191682808376328,0.6869500437080326,26.974639145722342,2.0369478076415226,51.60443907047783,,,,,,,,,,,0.5209711179250895,15.999022554516197,,,,,,,,,,,,,,,1,,,,
2013-10-31,252.4925629403992,7.100231274031796,122.60749536419311,0.7856470783663659,25.040954167954933,0.6869500437080326,29.738932788171887,2.0369478076415226,57.41821076905301,,,,,,,,,,,0.5209711179250895,17.68696985102621,,,,,,,,,,,,,,,1,,,,
2013-11-30,284.20316626805203,7.100231274031796,146.32454406242604,0.7856470783663659,27.550005433477793,0.6869500437080326,32.04954863037806,2.0369478076415226,57.830951763210415,,,,,,,,,,,0.5209711179250895,20.448116378559764,,,,,,,,,,,,,,,1,,,,
2013-12-31,299.26406742329357,7.100231274031796,150.8321497650864,,,,,2.0369478076415226,66.82006093344619,,,,,1.9325563761872049,27.203952241586975,,,,,,,,,5.856515374475755,27.203952241586975,1.5307382525072784,27.203952241586975,,,,,,,,,1,,,,
2014-01-31,298.7950465529132,7.100231274031796,159.7781042300701,,,,,2.0369478076415226,62.893658012295944,,,,,1.9325563761872049,25.10712849970269,,,,,,,,,5.856515374475755,25.28542760660792,1.5307382525072784,25.73072820423652,,,,,,,,,1,,,,
2014-03-31,312.56975752178096,7.100231274031796,164.07765471677482,,,0.4834701405910508,27.70067717652303,2.0369478076415226,67.41029590151126,,,,,1.9325563761872049,25.680452550448827,,,,,0.6206739079895087,27.70067717652303,,,,,,,,,,,,,,,1,,,,
2014-04-30,321.70800503632523,7.100231274031796,181.1373021550704,,,0.4834701405910508,26.66140191004994,2.0369478076415226,63.11313901424389,,,,,1.9325563761872049,25.429220000380965,,,,,0.6206739079895087,25.366941956579964,,,,,,,,,,,,,,,1,,,,
2014-05-31,341.78541122263255,7.100231274031796,198.2662742467851,,,0.4834701405910508,26.591783567203905,2.0369478076415226,64.49350481228764,,,,,1.9325563761872049,24.89454796181267,,,,,0.6206739079895087,27.539300634543245,,,,,,,,,,,,,,,1,,,,
2014-06-30,378.5377842665227,7.100231274031796,228.50210198335003,0.6431412266535104,27.806265301466507,0.4834701405910508,27.938777146846384,2.0369478076415226,68.7995626231453,,,,,,,,,,,0.6206739079895087,25.49107721171448,,,,,,,,,,,,,,,1,,,,
2014-07-31,367.7030112535919,7.100231274031796,211.8585243491165,0.6431412266535104,25.726279587133646,0.4834701405910508,30.370284636907876,2.0369478076415226,70.9548604676299,,,,,,,,,,,0.6206739079895087,28.79306221280402,,,,,,,,,,,,,,,1,,,,
2014-08-31,389.83095945128144,7.100231274031796,226.0748859288491,0.6431412266535104,27.11293264104042,0.4834701405910508,31.31888527622124,2.0369478076415226,75.77397046696088,,,,,,,,,,,0.6206739079895087,29.5502851382098,,,,,,,,,,,,,,,1,,,,
2014-09-30,391.6302313214141,7.100231274031796,237.58662449947337,,,0.4834701405910508,29.588905973483296,2.0369478076415226,69.86803088958496,,,,,,,,,,,0.6206739079895087,29.041332723073047,,,,,1.4137610219150445,25.545337235799455,,,,,,,,,1,,,,
2014-10-31,389.621448461698,7.100231274031796,229.47291798354505,,,0.4834701405910508,29.908151113048454,2.0369478076415226,76.65110190015099,,,,,,,,,,,0.6206739079895087,32.77778993329186,,,,,1.4137610219150445,20.8114875316616,,,,,,,,,1,,,,
2014-11-30,419.90261172368525,7.100231274031796,249.3065130843681,,,0.4834701405910508,31.52750423535476,2.0369478076415226,80.65261680548767,,,,,,,,,,,0.6206739079895087,38.003863102075655,,,,,1.4137610219150445,20.41211449639902,,,,,,,,,1,,,,
2014-12-31,420.8887171083287,7.100231274031796,242.78772050341968,,,0.4834701405910508,33.795832438080986,2.0369478076415226,81.82148562514439,,,,,1.381819075802785,20.966801215094662,,,,,0.6206739079895087,41.51687732658895,,,,,,,,,,,,,,,1,,,,
2015-01-31,360.4822343048139,7.100231274031796,202.98192162278465,,,0.4834701405910508,29.7889600395317,2.0369478076415226,69.44367712344528,,,,,1.381819075802785,15.211524817088277,,,,,0.6206739079895087,43.05615070196402,,,,,,,,,,,,,,,1,,,,
2015-03-31,339.1422967781011,7.100231274031796,188.14146210826712,,,0.4834701405910508,27.88330452535325,,,,,,,1.381819075802785,16.782193308171397,,,,,0.6206739079895087,41.740320312294465,,,,,3.78685315690734,64.5950165240149,,,,,,,,,1,,,,
2015-04-30,358.210138221916,7.100231274031796,195.07624323757915,,,0.4834701405910508,30.10720003983515,,,,,,,1.381819075802785,17.042434828965895,,,,,0.6206739079895087,37.07906030507379,,,,,3.78685315690734,78.90519981046201,,,,,,,,,1,,,,
2015-05-31,354.39644439832466,7.100231274031796,193.68930326285644,,,0.4834701405910508,29.990150189589663,,,,,,,1.381819075802785,15.695160702936034,,,,,0.6206739079895087,33.882588731854604,,,,,3.78685315690734,81.13924151108792,,,,,,,,,1,,,,
2015-06-30,273.8666430801325,7.100231274031796,130.65185014146957,0.7268074393036067,43.07844008795213,0.4834701405910508,24.15598994201541,1.4743740952620843,43.07844008795213,,,,,,,,,,,0.6206739079895087,32.90192282074331,,,,,,,,,,,,,,,1,,,,
2015-07-31,286.57222741271823,7.100231274031796,128.36339173473806,0.7268074393036067,50.64709220967848,0.4834701405910508,26.672082206315206,1.4743740952620843,45.8898599692874,,,,,,,,,,,0.6206739079895087,34.999801292699104,,,,,,,,,,,,,,,1,,,,
2015-08-31,271.228897495704,7.100231274031796,113.800271461746,0.7268074393036067,50.05203081797019,0.4834701405910508,25.401394373120535,1.4743740952620843,46.615407547046374,,,,,,,,,,,0.6206739079895087,35.35979329582089,,,,,,,,,,,,,,,1,,,,
2015-09-30,255.7477238617955,7.100231274031796,103.88348068264268,0.7268074393036067,53.25528577619798,0.4834701405910508,24.62038456814062,,,,,,,,,,,,,0.6206739079895087,32.92675034530683,,,,,3.2453138106040615,41.06182248950739,,,,,,,,,1,,,,
2015-10-31,274.04632831538555,7.100231274031796,114.84049337105856,0.7268074393036067,51.11032437728089,0.4834701405910508,20.85948726770828,,,,,,,,,,,,,0.6206739079895087,37.432844243213175,,,,,3.2453138106040615,49.80317905612462,,,,,,,,,1,,,,
2015-11-30,265.1034785511344,7.100231274031796,110.47157083177734,0.7268074393036067,53.44297634478279,0.4834701405910508,19.4828024275625,,,,,,,,,,,,,0.6206739079895087,34.590156608133356,,,,,3.2453138106040615,47.11597233887841,,,,,,,,,1,,,,
2015-12-31,252.65562272935352,7.100231274031796,98.1969428220578,0.7268074393036067,54.106913432319246,0.4834701405910508,18.746066701695703,1.9887017730847905,46.04108531901852,,,,,,,,,,,0.6206739079895087,35.56461445426224,,,,,,,,,,,,,,,1,,,,
2016-01-31,205.3566742466281,7.100231274031796,76.4909794324899,0.7268074393036067,47.31246827070314,0.4834701405910508,15.103364556979528,1.9887017730847905,36.48372646638063,,,,,,,,,,,0.6206739079895087,29.966135520074904,,,,,,,,,,,,,,,1,,,,
2016-02-29,212.0089069666314,7.100231274031796,73.71704531257882,0.7268074393036067,49.66466117308134,0.4834701405910508,13.70257020674435,1.9887017730847905,39.38484334452816,,,,,,,,,,,0.6206739079895087,35.53978692969872,,,,,,,,,,,,,,,1,,,,
2016-03-31,224.09279697875917,7.100231274031796,72.60749197853902,0.7268074393036067,55.33212561298246,0.4834701405910508,14.87041753912814,1.9887017730847905,44.12922133702828,,,,,,,,,,,0.6206739079895087,37.15354051108128,,,,,,,,,,,,,,,1,,,,
2016-04-30,191.38195131181897,7.100231274031796,74.54921877724394,0.7268074393036067,47.51330627305405,0.4834701405910508,12.999760236325596,1.9887017730847905,27.886593447830073,,,,,,,,,,,0.6206739079895087,28.433072577365294,,,,,,,,,,,,,,,1,,,,
2016-05-31,204.69340076647256,7.100231274031796,88.21081384691901,0.7268074393036067,44.794598849529834,0.4834701405910508,14.803249338500793,1.9887017730847905,28.89855212556864,,,,,,,,,,,0.6206739079895087,27.98618660595427,,,,,,,,,,,,,,,1,,,,
2016-06-30,207.63591901153137,7.100231274031796,95.42300870214676,0.7268074393036067,39.48952337585193,0.4834701405910508,15.03226340318594,1.9887017730847905,32.218665778213406,,,,,,,,,,,0.6206739079895087,25.472457752133373,,,,,,,,,,,,,,,1,,,,
2016-07-31,227.5751237879136,7.100231274031796,95.2843187674594,0.7268074393036067,45.53930032880104,0.4834701405910508,15.285045783899175,1.9887017730847905,42.363059740955194,,,,,,,,,,,0.6206739079895087,29.103399166798773,,,,,,,,,,,,,,,1,,,,
2016-08-31,251.0320494769327,7.100231274031796,114.35505828572822,0.7268074393036067,45.7493099277142,0.4834701405910508,15.01479703368495,1.9887017730847905,44.62471262276154,,,,,,,,,,,0.6206739079895087,31.28817160704381,,,,,,,,,,,,,,,1,,,,
2016-09-30,270.46958807254146,7.100231274031796,123.30097212286267,,,0.4834701405910508,18.811124109873457,1.9887017730847905,50.98643944437906,,,,,,,,,,,0.6206739079895087,32.5667607098681,1.5912670406960547,44.80429168555815,,,,,,,,,,,,,1,,,,
2016-10-31,263.4147265699597,7.100231274031796,119.00139455092516,,,0.4834701405910508,18.962553411453925,1.9887017730847905,46.177824497138054,,,,,,,,,,,0.6206739079895087,34.900493562128105,1.5912670406960547,44.37246054831451,,,,,,,,,,,,,1,,,,
2016-11-30,297.84989490161865,7.100231274031796,135.43687634135384,,,0.4834701405910508,20.656332946432467,1.9887017730847905,53.97059590996017,,,,,,,,,,,0.6206739079895087,42.79546406173018,1.5912670406960547,44.990625642142035,,,,,,,,,,,,,1,,,,
2016-12-31,313.9640004619391,7.100231274031796,152.01110223693553,0.519364199389207,43.29683895937782,0.4834701405910508,22.04835123212296,1.9887017730847905,51.372995323959174,,,,,,,,,,,0.6206739079895087,45.234712709543594,,,,,,,,,,,,,,,1,,,,
2017-01-31,344.53672065455464,7.100231274031796,167.19833398732885,0.519364199389207,45.78055622930843,0.4834701405910508,26.056380001896272,1.9887017730847905,61.76255938234178,,,,,,,,,,,0.6206739079895087,43.73889105367926,,,,,,,,,,,,,,,1,,,,
2017-03-31,379.2009206473903,7.100231274031796,200.41605626144565,0.519364199389207,45.13948189542491,0.4834701405910508,26.971440342836267,,,,,,,,,,,0.477813061227189,62.82953766613388,0.6206739079895087,43.84440448154961,,,,,,,,,,,,,,,1,,,,
2017-04-30,367.52559380282025,7.100231274031796,191.88626639883887,0.519364199389207,41.64951233891524,0.4834701405910508,29.29056035339284,,,,,,,,,,,0.477813061227189,61.12174019997384,0.6206739079895087,43.57751451169947,,,,,,,,,,,,,,,1,,,,
2017-05-31,392.78553647524706,7.100231274031796,213.38416780114295,0.519364199389207,42.608885064314386,0.4834701405910508,29.616120349530664,,,,,,,,,,,0.477813061227189,57.72727414722278,0.6206739079895087,49.449089113036294,,,,,,,,,,,,,,,1,,,,
2017-06-30,383.9570478854339,7.100231274031796,207.0734981492322,0.519364199389207,44.0946671974349,0.4834701405910508,29.135995755032724,,,,,,,,,,,0.477813061227189,56.94717520752359,0.6206739079895087,46.70571157621053,,,,,,,,,,,,,,,1,,,,
2017-07-31,361.4792254682278,7.100231274031796,195.0069456693929,0.519364199389207,41.86930461168074,0.4834701405910508,28.144812252575026,,,,,,,,,,,0.477813061227189,54.45095265243461,0.6206739079895087,42.0072102821446,,,,,,,,,,,,,,,1,,,,
2017-08-31,378.2232712236591,7.100231274031796,221.70595661825973,0.519364199389207,36.676780024284554,0.4834701405910508,29.186363375651705,,,,,,,,,,,0.477813061227189,52.19721643467709,0.6206739079895087,38.45695477078603,,,,,,,,,,,,,,,1,,,,
2017-09-30,428.1201173735237,7.100231274031796,272.7462089984592,0.519364199389207,37.608693079412646,0.4834701405910508,28.568045964860097,1.8995107745527784,44.59858466539586,,,,,,,,,,,,,,,2.705679056461416,44.59858466539586,,,,,,,,,,,1,,,,
2017-10-31,470.5884615967882,7.100231274031796,307.28153305126324,0.519364199389207,32.55935105842979,0.4834701405910508,29.68430198873473,1.8995107745527784,50.66000684768296,,,,,,,,,,,,,,,2.705679056461416,50.40326865067752,,,,,,,,,,,1,,,,
2017-11-30,453.6145760303765,7.100231274031796,293.9666763609229,0.519364199389207,34.10768814314758,0.4834701405910508,26.22273700473232,1.8995107745527784,52.83878434207923,,,,,,,,,,,,,,,2.705679056461416,46.47869017949438,,,,,,,,,,,1,,,,
2017-12-31,449.8331598653531,7.100231274031796,285.159425373243,,,0.4834701405910508,26.445529349602086,1.8995107745527784,57.33336229819809,,,,,,,,,,,0.6001100965350087,40.447421422154925,,,,,1.3533962381156366,40.447421422154925,,,,,,,,,1,,,,
2018-01-31,494.1890833072114,7.100231274031796,303.19001069528133,,,0.4834701405910508,29.771736194458075,1.8995107745527784,76.76555591895632,,,,,,,,,,,0.6001100965350087,40.69946656386522,,,,,1.3533962381156366,43.76231393465043,,,,,,,,,1,,,,
2018-03-31,557.7326378308709,7.100231274031796,361.58111400885485,,,0.4834701405910508,30.872531516624587,1.8995107745527784,81.38262124893474,,,,,,,,,,,0.6001100965350087,41.68964913884332,,,,,1.3533962381156366,42.20672191761344,,,,,,,,,1,,,,
2018-04-30,509.8531221341651,7.100231274031796,318.86271815885425,,,0.4834701405910508,26.506046110326015,1.8995107745527784,81.3550427500641,,,,,,,,,,,0.6001100965350087,40.531436469391686,,,,,1.3533962381156366,42.59787864552906,,,,,,,,,1,,,,
2018-05-31,590.6298405662184,7.100231274031796,399.3758478947495,,,0.4834701405910508,28.093920852964622,1.8995107745527784,79.19083345639811,,,,,,,,,,,0.6001100965350087,41.76165942020244,,,,,1.3533962381156366,42.20757894190363,,,,,,,,,1,,,,
2018-06-30,551.7933361475082,7.100231274031796,363.6615307422471,,,0.4834701405910508,26.041795338994227,1.8995107745527784,79.35947097721173,,,,,,,,,,,0.6001100965350087,41.8456790459159,,,2.634299532834373,40.88486004313919,,,,,,,,,,,1,,,,
2018-07-31,558.1745812782203,7.100231274031796,366.0887738819808,,,0.4834701405910508,23.75307295286248,1.8995107745527784,74.74733296705256,,,,,,,,,,,0.6001100965350087,48.24885267711004,,,2.634299532834373,45.336548799214526,,,,,,,,,,,1,,,,
2018-08-31,555.3083834158883,7.100231274031796,364.21631756622935,,,0.4834701405910508,21.41331900091136,1.8995107745527784,76.05419585822865,,,,,,,,,,,0.6001100965350087,52.461623540256056,,,2.634299532834373,41.16292745026299,,,,,,,,,,,1,,,,
2018-09-30,490.2665914798658,7.100231274031796,313.66154089920946,0.5465552886464451,36.44793878438562,,,1.8995107745527784,67.26123422749953,,,,,,,,,,,,,0.8826635252867813,36.44793878438562,,,1.5010839062826484,36.44793878438562,,,,,,,,,1,,,,
2018-10-31,420.3769006291949,7.100231274031796,261.5811614080123,0.5465552886464451,32.50991310648193,,,1.8995107745527784,57.90818125449352,,,,,,,,,,,,,0.8826635252867813,30.88359012871317,,,1.5010839062826484,37.49405473149399,,,,,,,,,1,,,,
2018-11-30,435.8406170985827,7.100231274031796,267.4063824319763,0.5465552886464451,38.77688679459114,,,1.8995107745527784,62.02496420953041,,,,,,,,,,,,,0.8826635252867813,28.416409140882205,,,1.5010839062826484,39.21597452160269,,,,,,,,,1,,,,
2018-12-31,374.6020485557613,7.100231274031796,220.04156906108025,,,1.424099542321149,37.188802808043775,1.8995107745527784,55.54753131332797,,,,,1.7439062826517642,37.188802808043775,,,,,,,0.8826635252867813,24.63534256526555,,,,,,,,,,,,,1,,,,
2019-01-31,441.5970185647536,7.100231274031796,265.04850457351085,,,1.424099542321149,45.8774104332452,1.8995107745527784,64.8290439501937,,,,,1.7439062826517642,37.33412611410658,,,,,,,0.8826635252867813,28.507933493697244,,,,,,,,,,,,,1,,,,
2019-03-31,472.3881622343842,7.100231274031796,286.6158525127817,,,,,,,,,,,1.7439062826517642,42.722796793599514,,,1.2319311848747068,59.56114523109128,,,0.8826635252867813,23.927222465820353,3.6352415325681826,59.56114523109129,,,,,,,,,,,1,,,,
2019-04-30,491.80202284728784,7.100231274031796,291.67824503942427,,,,,,,,,,,1.7439062826517642,45.98390300570271,,,1.2319311848747068,60.69856118773189,,,0.8826635252867813,24.000197497038084,3.6352415325681826,69.4411161173909,,,,,,,,,,,1,,,,
2019-05-31,406.3889096209386,7.100231274031796,226.1443053805831,,,,,,,,,,,1.7439062826517642,44.20802493046968,,,1.2319311848747068,56.3416309799213,,,0.8826635252867813,21.240958130911796,3.6352415325681826,58.45399019905275,,,,,,,,,,,1,,,,
2019-06-30,467.9099311297426,7.100231274031796,267.6143699348499,,,1.6560751184845135,57.01442784248907,1.549318145355438,57.01442784248907,,,,,,,,,1.2319311848747068,62.66812658372836,,,0.8826635252867813,23.598578926186207,,,,,,,,,,,,,1,,,,
2019-07-31,519.1966242177411,7.100231274031796,311.3036901259768,,,1.6560751184845135,65.357358579501,1.549318145355438,56.84161418827538,,,,,,,,,1.2319311848747068,62.429733161997085,,,0.8826635252867813,23.2642281619909,,,,,,,,,,,,,1,,,,
2019-08-31,509.8428199846677,7.100231274031796,313.9390020242826,,,1.6560751184845135,69.45660314282159,1.549318145355438,61.62852285909607,,,,,,,,,1.2319311848747068,49.286636885143984,,,0.8826635252867813,15.532055073323413,,,,,,,,,,,,,1,,,,
2019-09-30,508.512775195597,7.100231274031796,297.1567209127453,,,1.6560751184845135,72.33091158964167,1.549318145355438,66.02266462826064,,,,,,,,,1.2319311848747068,53.40877814517196,,,,,,,,,0.4529288183079841,19.59369991977741,,,,,,,1,,,,
2019-10-31,548.2066635556308,7.100231274031796,329.75030462422797,,,1.6560751184845135,62.64070147919955,1.549318145355438,72.0878565139106,,,,,,,,,1.2319311848747068,59.68633843316748,,,,,,,,,0.4529288183079841,24.041462505125235,,,,,,,1,,,,
2019-11-30,559.9821447347474,7.100231274031796,329.47292475485324,,,1.6560751184845135,61.58172412339007,1.549318145355438,74.13757184330538,,,,,,,,,1.2319311848747068,67.40131781722327,,,,,,,,,0.4529288183079841,27.388606195975424,,,,,,,1,,,,
2019-12-31,619.7465816235263,7.100231274031796,372.9542303578738,,,1.6560751184845135,77.65928703981294,,,,,,,,,,,1.2319311848747068,66.74345197742439,,,,,,,2.0220111480513316,73.91397792517226,0.4529288183079841,28.475634323242794,,,,,,,1,,,,
2020-01-31,628.2129941788701,7.100231274031796,368.16921770060594,,,1.6560751184845135,80.14311543340453,,,,,,,,,,,1.2319311848747068,74.52592478371061,,,,,,,2.0220111480513316,76.92627656122148,0.4529288183079841,28.44845969992756,,,,,,,1,,,,
2020-02-29,598.3488362012424,7.100231274031796,364.4937516060697,,,1.6560751184845135,68.52072713496891,,,,,,,,,,,1.2319311848747068,65.12786754063164,,,,,,,2.0220111480513316,76.19220376554851,0.4529288183079841,24.01428615402368,,,,,,,1,,,,
2020-03-31,494.7464737896382,7.100231274031796,291.67824503942427,,,,,1.2976920047666325,51.32888096359421,,,,,,,,,1.2319311848747068,47.528983540995185,,,,,,,2.0220111480513316,77.30186321905865,0.4529288183079841,26.908501026565887,,,,,,,1,,,,
2020-04-30,558.2296661565722,7.100231274031796,332.10812831222773,,,,,1.2976920047666325,53.38946898179846,,,,,,,,,1.2319311848747068,40.74534007238459,,,,,,,2.0220111480513316,101.8307272378784,0.4529288183079841,30.15600155228302,,,,,,,1,,,,
2020-05-31,558.4144366436299,7.100231274031796,332.24688595999714,,,,,1.2976920047666325,56.69223136624449,,,,,,,,,1.2319311848747068,39.36719272036282,,,,,,,2.0220111480513316,100.10159238412147,0.4529288183079841,30.00653421290395,,,,,,,1,,,,
2020-06-30,584.4335466824173,7.100231274031796,357.2815228943009,,,1.2286475478671883,40.92509852481014,1.2976920047666325,51.7434192649826,,,,,,,,,,,,,,,,,2.0220111480513316,105.69987994040856,0.4529288183079841,28.78362605791513,,,,,,,1,,,,
2020-07-31,584.6011880853704,7.100231274031796,347.15668367055014,,,1.2286475478671883,39.95179429362311,1.2976920047666325,48.95885450878277,,,,,,,,,,,,,,,,,2.0220111480513316,118.98025021781834,0.4529288183079841,29.55360539459597,,,,,,,1,,,,
2020-08-31,546.6274259075673,7.100231274031796,315.60328124053075,,,1.2286475478671883,35.61364117086798,1.2976920047666325,51.95787625438727,,,,,,,,,,,,,,,,,2.0220111480513316,115.67903224135866,0.4529288183079841,27.77359500042268,,,,,,,1,,,,
2020-09-30,548.3959516935936,7.100231274031796,325.6588093534789,,,1.2286475478671883,33.88023359800945,1.2976920047666325,53.343703438493755,,,,,,,,,,,,,,,,,2.0220111480513316,109.0938665023694,0.4529288183079841,26.41933880124215,,,,,,,1,,,,
2020-10-31,571.7789419852179,7.100231274031796,349.09839692663866,,,1.2286475478671883,34.97404318923986,1.2976920047666325,52.48110338960995,,,,,,,,,,,,,,,,,2.0220111480513316,108.45730600884204,0.4529288183079841,26.768092470887332,,,,,,,1,,,,
2020-11-30,680.0384087758928,7.100231274031796,444.4521486884484,,,1.2286475478671883,41.601777061686334,1.2976920047666325,64.54233634821945,,,,,,,,,,,,,,,,,2.0220111480513316,101.5190843377368,0.4529288183079841,27.923062339801753,,,,,,,1,,,,
2020-12-31,771.4772638674029,7.100231274031796,521.3591505258429,,,1.2286475478671883,51.34408541131498,,,,,,,,,,,,,,,1.7251010413927836,47.70409385302474,,,2.0220111480513316,103.36584022419576,,,0.3907758906089705,47.70409385302474,,,,,1,,,,
2021-01-31,795.1262026415452,7.100231274031796,542.7876866468787,,,1.2286475478671883,52.30811423090674,,,,,,,,,,,,,,,1.7251010413927836,48.532934542160866,,,2.0220111480513316,103.555935991193,,,0.3907758906089705,47.94153123040586,,,,,1,,,,
2021-03-31,894.586643072707,7.100231274031796,611.7198750422784,,,1.2286475478671883,61.8742975593495,0.8084315972730762,53.02000487987994,,,,,,,,,,,,,1.7251010413927836,63.25243696217061,,,2.0220111480513316,104.72002862902852,,,,,,,,,1,,,,
2021-04-30,909.999028827134,7.100231274031796,596.879388442528,,,1.2286475478671883,65.47088878978677,0.8084315972730762,64.70609480542737,,,,,,,,,,,,,1.7251010413927836,73.4440394135221,,,2.0220111480513316,109.49861737586964,,,,,,,,,1,,,,
2021-05-31,917.7860509676412,7.100231274031796,583.4951123004538,,,1.2286475478671883,69.73488314550498,0.8084315972730762,66.73426681875824,,,,,,,,,,,,,1.7251010413927836,68.90078329221458,,,2.0220111480513316,128.9210054107095,,,,,,,,,1,,,,
2021-06-30,894.9724554706531,7.100231274031796,589.3202249834865,,,1.2286475478671883,65.97144699239553,,,,,,,,,,,,,,,1.7251010413927836,66.73661539641458,,,2.0220111480513316,111.20047007390048,,,,,0.3602483001091272,61.743698024456094,,,1,,,,
2021-07-31,833.5716869071415,7.100231274031796,538.0027552453092,,,1.2286475478671883,60.18724126641587,,,,,,,,,,,,,,,1.7251010413927836,64.92545146050834,,,2.0220111480513316,111.04384257766814,,,,,0.3602483001091272,59.412396357239885,,,1,,,,
2021-08-31,793.1459778914021,7.100231274031796,511.09558073955554,,,1.2286475478671883,58.58360743481832,,,,,,,,,,,,,,,1.7251010413927836,61.886387579100855,,,2.0220111480513316,102.50610136092617,,,,,0.3602483001091272,59.074300777001355,,,1,,,,
2021-09-30,750.5769568120003,7.100231274031796,492.2329912355572,,,1.2286475478671883,52.31738964250201,0.7425372058374745,53.221838028734986,,,,,,,,,,,,,1.7251010413927836,56.8212854972472,,,2.0220111480513316,95.9834524079589,,,,,,,,,1,,,,
2021-10-31,742.8126901399448,7.100231274031796,479.86538639285305,,,1.2286475478671883,48.470521654219574,0.7425372058374745,57.914066776328625,,,,,,,,,,,,,1.7251010413927836,60.20015895840627,,,2.0220111480513316,96.36255635813733,,,,,,,,,1,,,,
2021-11-30,863.675592796135,,,12.010263725540325,583.3385054842519,1.2286475478671883,53.61512705511189,0.7425372058374745,66.75691149713165,,,,,,,,,,,,,1.7251010413927836,61.96074992104933,,,2.0220111480513316,98.0042988385902,,,,,,,,,1,,,,
2021-12-31,933.018298556914,,,12.010263725540325,625.7347217744427,1.2286475478671883,60.44678874893784,,,,,,,,,,,,,1.6779480967248424,73.46056562633711,1.7251010413927836,62.70205033994037,,,2.0220111480513316,110.6741720672559,,,,,,,,,1,,,,
2022-01-31,946.5742354609577,,,12.010263725540325,657.4418564949061,1.2286475478671883,47.96069741385245,,,,,,,,,,,,,1.6779480967248424,71.95041617980317,1.7251010413927836,58.98873718142174,,,2.0220111480513316,110.23252819097424,,,,,,,,,1,,,,
2022-03-31,1021.4479804789338,,,12.010263725540325,696.7153785597652,,,,,,,,,,,,,,,1.6779480967248424,77.78967478830194,1.7251010413927836,57.74524088632599,,,2.0220111480513316,143.1743312553039,0.5466605731632764,46.023354989236786,,,,,,,1,,,,
2022-04-30,965.7072628448024,,,12.010263725540325,653.238236701655,,,,,,,,,,,,,,,1.6779480967248424,84.73637888460453,1.7251010413927836,51.48146391743065,,,2.0220111480513316,132.21767250453465,0.5466605731632764,44.03351083657759,,,,,,,1,,,,
2022-05-31,881.1513665264947,,,12.010263725540325,579.6153072357471,,,,,,,,,,,,,,,1.6779480967248424,79.92066963924617,1.7251010413927836,53.952323827862266,,,2.0220111480513316,123.14302741060143,0.5466605731632764,44.520038413037774,,,,,,,1,,,,
2022-06-30,742.7220505563494,,,12.010263725540325,481.0110530447859,1.3893464708749754,46.990601586025306,,,,,,,,,,,,,1.6779480967248424,59.43291851357919,,,,,2.0220111480513316,108.29687582593372,,,,,0.5584174276227208,46.990601586025306,,,1,,,,
2022-07-31,783.6257969292002,,,12.010263725540325,532.4150129446522,1.3893464708749754,51.46639239301477,,,,,,,,,,,,,1.6779480967248424,61.66459255463795,,,,,2.0220111480513316,82.85164145180563,,,,,0.5584174276227208,55.22815758508968,,,1,,,,
2022-08-31,751.8761596974471,,,12.010263725540325,523.1671043781238,1.3893464708749754,44.2967394228277,,,,,,,,,,,,,1.6779480967248424,58.74496004995656,,,,,2.0220111480513316,75.67897990477773,,,,,0.5584174276227208,49.98837594176126,,,1,,,,
2022-09-30,679.3196052722512,,,,,1.3893464708749754,34.11876052590213,,,,,,,,,,,,,1.6779480967248424,54.583649538182634,9.893380294394536,256.8561461843033,,,2.0220111480513316,76.90490283955991,3.301068683248336,256.8561461843033,,,,,,,1,,,,
2022-10-31,756.5338072749946,,,,,1.3893464708749754,36.02647785507205,,,,,,,,,,,,,1.6779480967248424,72.28600707932094,9.893380294394536,288.7310713502495,,,2.0220111480513316,78.47028305207719,3.301068683248336,281.01996793827493,,,,,,,1,,,,
2022-11-30,832.2489001269821,,,,,1.3893464708749754,38.521184316304065,,,,,,,,,,,,,1.6779480967248424,74.11496435992156,9.893380294394536,344.2352429955391,,,2.0220111480513316,88.01946950438752,3.301068683248336,287.3580389508298,,,,,,,1,,,,
2022-12-31,801.6292397210796,,,2.0381655550400457,87.51882613442511,1.3893464708749754,33.070565647219816,,,,,,,,,,,,,1.6779480967248424,63.25864452669936,9.893380294394536,347.0605536476958,,,,,3.301068683248336,270.7206497650395,,,,,,,1,,,,
2023-01-31,903.2761042618972,,,2.0381655550400457,104.63941990675534,1.3893464708749754,46.06819009278487,,,,,,,,,,,,,1.6779480967248424,82.15233727944091,9.893380294394536,418.7426876239064,,,,,3.301068683248336,251.67346935900963,,,,,,,1,,,,
2023-03-31,804.0544117042617,,,2.0381655550400457,85.52142482348403,1.3893464708749754,39.4855236046918,,,,,,,,,,,,,1.6779480967248424,74.24920328007427,9.893380294394536,396.1377115501029,,,,,,,,,,,9.885843903205044,208.6605484459087,1,,,,
2023-04-30,792.6358131090972,,,2.0381655550400457,88.57867315604409,1.3893464708749754,36.09985017159577,,,,,,,,,,,,,1.6779480967248424,73.49412535637529,9.893380294394536,377.62974161795773,,,,,,,,,,,9.885843903205044,216.8334228071243,1,,,,
2023-05-31,740.9636931947632,2.355422299150099,158.82053754180055,2.0381655550400457,91.57477900994802,1.3893464708749754,40.596610176095055,,,,,,,,,,,,,1.6779480967248424,79.65219819980476,9.893380294394536,370.3195682671149,,,,,,,,,,,,,1,,,,
2023-06-30,783.2277896387068,,,2.0381655550400457,108.3896448390284,1.3893464708749754,39.75805162318111,,,,,,,,,,,,,1.6779480967248424,92.06901027505018,9.893380294394536,396.04385154647065,,,3.641635224926059,146.96723135497646,,,,,,,,,1,,,,
2023-07-31,784.7877984233498,,,2.0381655550400457,99.1159931185931,1.3893464708749754,44.6111952364643,,,,,,,,,,,,,1.6779480967248424,91.12936343743723,9.893380294394536,402.0682900345303,,,3.641635224926059,147.86295659632475,,,,,,,,,1,,,,
2023-08-31,662.5674483686046,,,2.0381655550400457,85.54181083302578,1.3893464708749754,47.16879074044916,,,,,,,,,,,,,1.6779480967248424,83.57859700217544,9.893380294394536,310.473097720373,,,3.641635224926059,135.80515207258122,,,,,,,,,1,,,,
2023-09-30,589.5675369531673,,,,,1.3893464708749754,47.82915748897116,,,,,,,,,,,,,1.6779480967248424,70.97720321128803,9.893380294394536,267.89016894744645,,,3.641635224926059,127.29582479258414,,,,,0.8183199090831036,75.57518251287749,,,1,,,,
2023-10-31,557.3408239349563,,,,,1.3893464708749754,42.08504690382395,,,,,,,,,,,,,1.6779480967248424,58.74496004995656,9.893380294394536,259.5888422611028,,,3.641635224926059,130.43052278977277,,,,,0.8183199090831036,66.49145193030033,,,1,,,,
2023-11-30,629.2519710184007,,,,,1.3893464708749754,50.638325063775966,,,,,,,,,,,,,1.6779480967248424,66.11115757130439,9.893380294394536,298.3011497865358,,,3.641635224926059,139.89864379226273,,,,,0.8183199090831036,74.30269480452185,,,1,,,,
2023-12-31,703.1548589185454,,,2.9730448879656612,116.15686286551708,1.3893464708749754,54.8939936212581,,,,,,,,,,,,,1.6779480967248424,69.23213565448683,9.893380294394536,346.7150039117664,,,,,1.5652454426430682,116.15686286551708,,,,,,,1,,,,
2024-01-31,723.186557253039,,,2.9730448879656612,106.52420377961742,1.3893464708749754,60.009189929164,,,,,,,,,,,,,1.6779480967248424,69.4334940347159,9.893380294394536,369.3410390454922,,,,,1.5652454426430682,117.87863046404946,,,,,,,1,,,,
2024-02-29,825.1497804683459,1.2348259536674415,111.16214654643348,,,1.3893464708749754,62.33618520980685,,,,,,,,,,,,,1.6779480967248424,76.32986173639324,9.893380294394536,452.55938643154144,,,,,1.5652454426430682,122.76220054417084,,,,,,,1,,,,
2024-03-31,871.4225919709571,1.2348259536674415,144.62978118514687,10.51601100855361,452.083330908495,1.3893464708749754,71.52885562083485,,,,,,,,,,,,,1.6779480967248424,80.34015666342738,,,,,,,1.5652454426430682,122.840467593053,,,,,,,1,,,,
2024-04-30,866.0618496273175,1.2348259536674415,138.71533115456364,10.51601100855361,452.39879840182414,1.3893464708749754,74.24368433157419,,,,,,,,,,,,,1.6779480967248424,86.34720752125303,,,,,,,1.5652454426430682,114.35682821810256,,,,,,,1,,,,
2024-05-31,875.2723067939179,1.2348259536674415,153.50049529163516,10.51601100855361,441.8827873932705,1.3893464708749754,78.91863614046544,,,,,,,,,,,,,1.6779480967248424,88.91447246182956,,,,,,,1.5652454426430682,112.05591550671724,,,,,,,1,,,,
2024-06-30,851.2127459653573,1.2348259536674415,161.51938373681745,10.51601100855361,424.8468607917253,1.3893464708749754,79.42176968223295,,,,,,,,,,,,,1.6779480967248424,81.64895413059627,,,,,2.547288445874309,103.77577762398543,,,,,,,,,1,,,,
2024-07-31,798.3705389726226,1.2348259536674415,134.85941113043566,10.51601100855361,394.66588031408946,1.3893464708749754,70.28150504018693,,,,,,,,,,,,,1.6779480967248424,76.21239948082761,,,,,2.547288445874309,122.3513430070829,,,,,,,,,1,,,,
2010-08-31,0.0,,,,,,,,,,,,,,,,,,,,,,,,,,,,,,,,,,,2,,,,
2010-09-30,100.0,7.1002317548103715,50.0,1.089578676072795,12.5,0.7269535072988745,12.5,2.036948440752738,12.500000000000002,,,,,,,,,,,,,,,,,0.278964867351218,12.499999999999998,,,,,,,,,2,,,,
2010-10-31,112.05959989331464,7.1002317548103715,57.28154708693561,1.089578676072795,12.933572044433047,0.7269535072988745,14.09386852608335,2.036948440752738,15.609089497007917,,,,,,,,,,,,,,,,,0.278964867351218,12.141522738854729,,,,,,,,,2,,,,
2010-11-30,104.60463851954768,7.1002317548103715,50.41608676050707,1.089578676072795,13.472466550021098,0.7269535072988745,14.749912286607987,2.036948440752738,14.229630457314911,,,,,,,,,,,,,,,,,0.278964867351218,11.736542465096614,,,,,,,,,2,,,,
2010-12-31,112.63356074680983,7.1002317548103715,55.61720343056165,,,0.7269535072988745,14.9260309609694,2.036948440752738,15.948644685354392,1.597902242948794,13.0708408349622,0.4485234899339483,13.0708408349622,,,,,,,,,,,,,,,,,,,,,,,2,,,,
2011-01-31,127.65384063870204,7.1002317548103715,73.09293201321705,,,0.7269535072988745,14.978864206136398,2.036948440752738,14.855687855119184,1.597902242948794,12.511574440378793,0.4485234899339483,12.214782123850627,,,,,,,,,,,,,,,,,,,,,,,2,,,,
2011-03-31,138.04281064897032,7.1002317548103715,79.54229880782985,0.9152310160992144,13.04917040091924,0.7269535072988745,16.418628372195847,2.036948440752738,15.290753169114415,1.597902242948794,13.74195989891096,,,,,,,,,,,,,,,,,,,,,,,,,2,,,,
2011-04-30,142.8169967516083,7.1002317548103715,78.50208359938934,0.9152310160992144,13.553279940651407,0.7269535072988745,17.523772741839103,2.036948440752738,18.696949449343087,1.597902242948794,14.54091102038536,,,,,,,,,,,,,,,,,,,,,,,,,2,,,,
2011-05-31,132.64593280435187,7.1002317548103715,70.73509462294442,0.9152310160992144,13.89689220172057,0.7269535072988745,16.136841820946657,2.036948440752738,18.007312202303645,1.597902242948794,13.8697919564366,,,,,,,,,,,,,,,,,,,,,,,,,2,,,,
2011-06-30,110.46720667556892,7.1002317548103715,51.872405657726326,0.9152310160992144,14.086191201068813,0.7269535072988745,16.017960086552016,2.036948440752738,17.321313417740484,1.597902242948794,11.169336312481272,,,,,,,,,,,,,,,,,,,,,,,,,2,,,,
2011-07-31,105.4748726952135,7.1002317548103715,51.10957033744275,0.9152310160992144,12.57592508462942,0.7269535072988745,15.172592113481771,2.036948440752738,14.888182452594895,1.597902242948794,11.72860270706468,,,,,,,,,,,,,,,,,,,,,,,,,2,,,,
2011-08-31,89.17331824973641,7.1002317548103715,40.98474058507086,0.9152310160992144,11.878406378184115,0.7269535072988745,12.984320461640324,2.036948440752738,12.412178627411109,1.597902242948794,10.913672197429998,,,,,,,,,,,,,,,,,,,,,,,,,2,,,,
2011-09-30,77.14640678495286,7.1002317548103715,34.9514571653108,0.9152310160992144,11.58211559383084,0.7269535072988745,11.324407605990666,2.036948440752738,11.171083147550942,,,,,0.5228001257341199,8.117343272269608,,,,,,,,,,,,,,,,,,,,,2,,,,
2011-10-31,91.7753118645171,7.1002317548103715,38.76559652453103,0.9152310160992144,13.689074319173994,0.7269535072988745,11.72947819988049,2.036948440752738,17.549914926414477,,,,,0.5228001257341199,10.041247894517106,,,,,,,,,,,,,,,,,,,,,2,,,,
2011-11-30,96.69808490360458,7.1002317548103715,41.5395274466194,0.9152310160992144,14.283721009134606,0.7269535072988745,12.799398557340709,2.036948440752738,18.582259206631026,,,,,0.5228001257341199,9.493178683878831,,,,,,,,,,,,,,,,,,,,,2,,,,
2011-12-31,97.30460816731843,7.1002317548103715,43.61996802046344,0.9152310160992144,15.450369627510952,0.7269535072988745,13.62715591087321,2.036948440752738,18.022446885246897,,,,,,,,,,,0.348948989421001,6.5846677232239355,,,,,,,,,,,,,,,2,,,,
2012-01-31,115.6657902856622,7.1002317548103715,52.704582564394805,0.9152310160992144,15.664354943185652,0.7269535072988745,16.004755934921597,2.036948440752738,23.231375054421537,,,,,,,,,,,0.348948989421001,8.060721788738599,,,,,,,,,,,,,,,2,,,,
2012-02-29,126.7467879779866,7.1002317548103715,59.29266638832074,0.9152310160992144,14.108822870128982,0.7269535072988745,17.281611124465165,2.036948440752738,28.85789109664153,,,,,,,,,,,0.348948989421001,7.205796498430195,,,,,,,,,,,,,,,2,,,,
2012-03-31,126.5512937855361,7.1002317548103715,56.17197674949286,0.9152310160992144,14.7404968524985,,,2.036948440752738,29.912573166508245,,,,,,,,,,,0.348948989421001,7.502403272551521,,,,,0.4876096607323886,18.22384374448498,,,,,,,,,2,,,,
2012-04-30,118.43148302439498,7.1002317548103715,45.7004119799618,0.9152310160992144,13.909237541964584,,,2.036948440752738,34.12873917581696,,,,,,,,,,,0.348948989421001,7.648961874731037,,,,,0.4876096607323886,17.04413245192059,,,,,,,,,2,,,,
2012-05-31,106.48377134536508,,,0.9152310160992144,14.11499554025099,2.1301906559939336,40.49930885252456,2.036948440752738,26.21756591405987,,,,,,,,,,,0.348948989421001,8.78304609034929,,,,,0.4876096607323886,16.86885494818038,,,,,,,,,2,,,,
2012-06-30,107.61255632029948,,,0.9152310160992144,14.773421833033332,2.1301906559939336,39.325239366079536,2.036948440752738,27.672224377628662,,,,,,,,,,,0.348948989421001,8.48992888599026,,,,,,,,,,,,,,,2,0.9897325718864888,17.35174185756771,,
2012-07-31,123.9825896510705,,,0.9152310160992144,14.341330560331272,2.1301906559939336,51.31117382747863,2.036948440752738,33.591602653944655,,,,,,,,,,,0.348948989421001,6.591646197181148,,,,,,,,,,,,,,,2,0.9897325718864888,18.146836412134792,,
2012-08-31,129.7844477238946,3.2587786247567463,19.76553832485358,0.9152310160992144,13.806359415653697,2.1301906559939336,53.956083632230374,2.036948440752738,35.81835723011253,,,,,,,,,,,0.348948989421001,6.43810912104442,,,,,,,,,,,,,,,2,,,,
2012-09-30,125.2168258613434,3.2587786247567463,19.03348042902538,0.9152310160992144,14.427748814871684,2.1301906559939336,49.96936677877383,2.036948440752738,34.98172454496297,,,,,,,0.1505305002549563,6.80450529370952,,,,,,,,,,,,,,,,,,,2,,,,
2012-10-31,115.24798549931168,3.2587786247567463,17.282911253540743,0.9152310160992144,15.73637059171882,2.1301906559939336,44.44369720284133,2.036948440752738,30.880194385974782,,,,,,,0.1505305002549563,6.904812065235994,,,,,,,,,,,,,,,,,,,2,,,,
2012-11-30,115.06578852530292,,,0.9152310160992144,17.592310599152174,2.1301906559939336,43.40499929132537,2.036948440752738,28.36052512590479,,,,,,,0.1505305002549563,6.706300197716085,,,0.9397454973529444,19.00165331120451,,,,,,,,,,,,,,,2,,,,
2012-12-31,136.30674135994423,3.548160598730168,21.971248939446035,0.9152310160992144,17.732216890704283,2.1301906559939336,55.16836984938501,2.036948440752738,34.747099078927015,,,,,,,0.1505305002549563,6.6878066014819115,,,,,,,,,,,,,,,,,,,2,,,,
2013-01-31,152.77174892600937,3.548160598730168,26.199155351121295,0.9152310160992144,18.983229989187063,2.1301906559939336,61.426519992224605,2.036948440752738,39.328302140721355,,,,,,,0.1505305002549563,6.834541452755067,,,,,,,,,,,,,,,,,,,2,,,,
2013-03-31,176.02907199844825,,,0.9152310160992144,26.320555180566107,2.1301906559939336,65.72636538090633,,,,,,,,,,,,,,,0.8158708086212206,27.994050478991937,,,0.8915725235673341,27.994050478991937,,,,,,,,,2,2.0759632183151826,27.994050478991937,,
2013-04-30,181.0463942733709,,,0.9152310160992144,25.365838976262797,2.1301906559939336,72.63003941718428,,,,,,,,,,,,,,,0.8158708086212206,33.15974043772457,,,0.8915725235673341,21.88912849822179,,,,,,,,,2,2.0759632183151826,28.001646943977473,,
2013-05-31,190.99792849830925,2.8771093837097967,32.82172908072114,0.9152310160992144,23.38233627185672,2.1301906559939336,83.19345907537978,,,,,,,,,,,,,,,,,,,0.8915725235673341,23.159241144290668,,,,,,,,,2,2.0759632183151826,28.441162926060976,,
2013-06-30,188.7213810049548,2.8771093837097967,40.26844082997457,0.9152310160992144,21.398830076121392,2.1301906559939336,81.57741874587072,,,,,,,,,,,,,0.7266968683663545,22.738345676494085,0.5768056273375575,22.738345676494085,,,,,,,,,,,,,2,,,,
2013-07-31,193.92690454697907,2.8771093837097967,37.20544825581525,0.9152310160992144,25.172428063885036,2.1301906559939336,84.93968657110162,,,,,,,,,,,,,0.7266968683663545,25.325384753716033,0.5768056273375575,21.283956902461156,,,,,,,,,,,,,2,,,,
2013-08-31,185.07001422969648,2.8771093837097967,38.132776156990765,0.9152310160992144,23.300033421675085,2.1301906559939336,81.79964948187887,,,,,,,,,,,,,0.7266968683663545,20.681792208395596,0.5768056273375575,21.155762960756164,,,,,,,,,,,,,2,,,,
2013-09-30,202.752428022664,2.8771093837097967,49.09209467341597,0.9152310160992144,25.851955950681752,2.1301906559939336,83.64672916659431,0.8808982262971273,22.316860162219893,,,,,,,,,,,,,0.5768056273375575,21.84478806975206,,,,,,,,,,,,,2,,,,
2013-10-31,216.33488779428245,2.8771093837097967,49.68220918600682,0.9152310160992144,29.171183620937867,2.1301906559939336,92.21864516497295,0.8808982262971273,24.831073154582658,,,,,,,,,,,,,0.5768056273375575,20.431776667782128,,,,,,,,,,,,,2,,,,
2013-11-30,239.12258477713215,2.8771093837097967,59.29268237956936,0.9152310160992144,32.09408606820763,2.1301906559939336,99.38370928773529,0.8808982262971273,25.00956371945201,,,,,,,,,,,,,0.5768056273375575,23.342543322167845,,,,,,,,,,,,,2,,,,
2013-12-31,254.13301031370196,2.8771093837097967,61.119230435293794,0.9152310160992144,30.369823289273462,2.1301906559939336,111.11798458653364,,,,,,,1.830190790819098,25.762986001300533,,,,,0.6810199512110959,25.762986001300533,,,,,,,,,,,,,,,2,,,,
2014-01-31,267.00887264870977,2.8771093837097967,64.74422977541738,0.9152310160992144,32.729204246886745,2.1301906559939336,114.54025503552806,,,,,,,1.830190790819098,23.777228923445573,,,,,0.6810199512110959,31.217954667432036,,,,,,,,,,,,,,,2,,,,
2014-03-31,281.99533323822106,2.8771093837097967,66.48647105421401,0.9152310160992144,38.74434908425869,2.1301906559939336,122.05040737922272,,,,,,,1.830190790819098,24.320184570566653,,,,,,,,,,,1.666216679481085,30.393921149958995,,,,,,,,,2,,,,
2014-04-30,286.41307849695505,2.8771093837097967,73.39927006500314,0.9152310160992144,39.06407105207142,2.1301906559939336,117.4712986956374,,,,,,,1.830190790819098,24.082259558311456,,,,,,,,,,,1.666216679481085,32.396179125931646,,,,,,,,,2,,,,
2014-05-31,291.8283916059504,2.8771093837097967,80.34017682241887,0.9152310160992144,40.88273937404805,2.1301906559939336,117.16454096986922,,,,,,,1.830190790819098,23.575908564801615,,,,,,,,,,,1.666216679481085,29.865025874812662,,,,,,,,,2,,,,
2014-06-30,314.7870859245028,2.8771093837097967,92.59210870550162,0.9152310160992144,39.57007987491805,2.1301906559939336,123.09944566705764,,,,,,,,,,,,,0.6411832319041547,26.33339513863004,,,,,1.666216679481085,33.19205653839535,,,,,,,,,2,,,,
2014-07-31,318.55181230166926,2.8771093837097967,85.84792873621878,0.9152310160992144,36.61013442425774,2.1301906559939336,133.81282312846707,,,,,,,,,,,,,0.6411832319041547,29.74448973668655,,,,,1.666216679481085,32.536436276039105,,,,,,,,,2,,,,
2014-08-31,334.0949906841261,2.8771093837097967,91.60859000550084,0.9152310160992144,38.58342673625894,2.1301906559939336,137.99238292150156,,,,,,,,,,,,,0.6411832319041547,30.52673406230399,,,,,1.666216679481085,35.383856958560756,,,,,,,,,2,,,,
2014-09-30,323.1038973155065,2.8771093837097967,96.27329061297448,0.9152310160992144,36.352641909077725,2.1301906559939336,130.37002632145172,,,,,,,,,,,,,0.6411832319041547,30.00096400781618,,,,,1.666216679481085,30.106974464186393,,,,,,,,,2,,,,
2014-10-31,327.5939022403958,2.8771093837097967,92.98552935586348,0.9152310160992144,44.44306078597566,2.1301906559939336,131.7766262900615,,,,,,,,,,,,,0.6411832319041547,33.86088735738958,,,,,1.666216679481085,24.52779845110559,,,,,,,,,2,,,,
2014-11-30,352.5363694671405,2.8771093837097967,101.0223473862318,0.9152310160992144,49.28562523656781,2.1301906559939336,138.91163221871477,,,,,,,,,,,,,0.6411832319041547,39.259648995981,,,,,1.666216679481085,24.05711562964512,,,,,,,,,2,,,,
2014-12-31,364.8926512237474,2.8771093837097967,98.38086674610898,0.9152310160992144,50.00627749065362,2.1301906559939336,148.90592081472877,,,,,,,1.6285703284760218,24.710840181534383,,,,,0.6411832319041547,42.88874599072172,,,,,,,,,,,,,,,2,,,,
2015-01-31,332.70182711297764,2.8771093837097967,82.25102067976982,0.9152310160992144,56.79259760775366,2.1301906559939336,131.2514814416438,,,,,,,1.6285703284760218,17.92784482555678,,,,,0.6411832319041547,44.47888255825356,,,,,,,,,,,,,,,2,,,,
2015-03-31,317.54601440476813,2.8771093837097967,76.23745005500558,0.9152310160992144,55.554973756962,2.1301906559939336,122.85503086240452,,,,,,,1.6285703284760218,19.778987384841617,,,,,0.6411832319041547,43.1195723455544,,,,,,,,,,,,,,,2,,,,
2015-04-30,323.86649258964445,2.8771093837097967,79.04752778603209,0.9152310160992144,53.77532453073398,2.1301906559939336,132.65365272255704,,,,,,,1.6285703284760218,20.08570020016237,,,,,0.6411832319041547,38.304287350158965,,,,,,,,,,,,,,,2,,,,
2015-05-31,318.38567394888526,2.8771093837097967,78.48551553241718,0.9152310160992144,54.26220436059505,2.1301906559939336,132.1379178197404,,,,,,,1.6285703284760218,18.49784350864797,,,,,0.6411832319041547,35.002192727484605,,,,,,,,,,,,,,,2,,,,
2015-06-30,267.14453690810416,2.8771093837097967,52.94189562239513,0.9152310160992144,54.24645846565713,2.1301906559939336,106.43235986932264,0.6685817497673164,19.5347009036948,,,,,,,,,,,0.6411832319041547,33.98912204703448,,,,,,,,,,,,,,,2,,,,
2015-07-31,290.2761366887069,2.8771093837097967,52.01458144034624,0.9152310160992144,63.77726363113275,2.1301906559939336,117.51837280174004,0.6685817497673164,20.809596759759835,,,,,,,,,,,0.6411832319041547,36.1563220557281,,,,,,,,,,,,,,,2,,,,
2015-08-31,278.7278136479628,2.8771093837097967,46.11340338853382,0.9152310160992144,63.027940581208746,2.1301906559939336,111.9196583199286,0.6685817497673164,21.138601854017605,,,,,,,,,,,0.6411832319041547,36.528209504274066,,,,,,,,,,,,,,,2,,,,
2015-09-30,270.2700721634486,2.8771093837097967,42.09498614187369,0.9152310160992144,67.06160593947762,2.1301906559939336,108.47847859337492,0.6685817497673164,18.620231525391,,,,,,,,,,,0.6411832319041547,34.014769963331425,,,,,,,,,,,,,,,2,,,,
2015-10-31,257.29200215119243,2.8771093837097967,46.53490983491968,0.9152310160992144,64.36060190563794,2.1301906559939336,91.90784880106688,0.6685817497673164,15.818880012897202,,,,,,,,,,,0.6411832319041547,38.669761596670746,,,,,,,,,,,,,,,2,,,,
2015-11-30,248.57550377046152,2.8771093837097967,44.76456629714712,0.9152310160992144,67.29796893000922,2.1301906559939336,85.84208247697063,0.6685817497673164,14.937744845826389,,,,,,,,,,,0.6411832319041547,35.73314122050815,,,,,,,,,,,,,,,2,,,,
2015-12-31,242.73913954615605,2.8771093837097967,39.79071889033553,0.9152310160992144,68.13405151190825,2.1301906559939336,82.59601691607045,,,,,,,1.9676127049223888,15.478553528917686,,,,,0.6411832319041547,36.73979869892408,,,,,,,,,,,,,,,2,,,,
2016-01-31,204.29539845422576,2.8771093837097967,30.99516730587008,0.9152310160992144,59.57814417949176,2.1301906559939336,66.54607484336994,,,,,,,1.9676127049223888,16.219686471855788,,,,,0.6411832319041547,30.956325653638213,,,,,,,,,,,,,,,2,,,,
2016-02-29,208.04757872242712,2.8771093837097967,29.87114005481493,0.9152310160992144,62.54013205776597,2.1301906559939336,60.37412565297931,,,,,,,1.9676127049223888,18.54803017423976,,,,,0.6411832319041547,36.71415078262714,,,,,,,,,,,,,,,2,,,,
2016-03-31,222.64598164207555,,,0.9152310160992144,69.67687689214307,2.1301906559939336,65.51973256422565,1.3258937007742335,29.42153134945313,,,,,1.9676127049223888,19.64661218312384,,,,,0.6411832319041547,38.38122865312989,,,,,,,,,,,,,,,2,,,,
2016-04-30,184.031473610439,,,0.9152310160992144,59.831049088031314,2.1301906559939336,57.27751001826364,1.3258937007742335,18.592360907805517,,,,,1.9676127049223888,18.957948862278023,,,,,0.6411832319041547,29.3726047340605,,,,,,,,,,,,,,,2,,,,
2016-05-31,187.0554157402217,,,0.9152310160992144,56.40752843028391,2.1301906559939336,65.22376214656231,1.3258937007742335,19.267047104809368,,,,,1.9676127049223888,17.24612603417095,,,,,0.6411832319041547,28.910952024395133,,,,,,,,,,,,,,,2,,,,
2016-06-30,182.617559968404,3.165897702067639,42.54783413071746,0.9152310160992144,49.72711429479075,,,1.3258937007742335,21.480616987811043,,,,,,,,,,,0.6411832319041547,26.31416042436729,,,,,,,1.1923170097609423,42.54783413071746,,,,,,,2,,,,
2016-07-31,200.1993609394644,3.165897702067639,42.48599717198863,0.9152310160992144,57.34529248539186,,,1.3258937007742335,28.24400559079663,,,,,,,,,,,0.6411832319041547,30.06508135263863,,,,,,,1.1923170097609423,42.058984338648614,,,,,,,2,,,,
2016-08-31,211.3847081755953,3.165897702067639,50.98937758494744,0.9152310160992144,57.60973972844689,,,1.3258937007742335,29.75187939566253,,,,,,,,,,,0.6411832319041547,32.322046622451644,,,,,,,1.1923170097609423,40.71166484408679,,,,,,,2,,,,
2016-09-30,218.9529655518851,3.165897702067639,54.97824033699085,0.9152310160992144,56.41973062602849,1.0259637259807548,39.91877294099694,1.3258937007742335,33.99333668716342,,,,,,,,,,,0.6411832319041547,33.64288496070537,,,,,,,,,,,,,,,2,,,,
2016-10-31,222.0104561485875,3.165897702067639,53.061122519983314,0.9152310160992144,61.86811402019575,1.0259637259807548,40.24011456119567,1.3258937007742335,30.78737221075255,,,,,,,,,,,0.6411832319041547,36.05373283646023,,,,,,,,,,,,,,,2,,,,
2016-11-30,254.89399007878137,3.165897702067639,60.38949504385782,0.9152310160992144,70.47754343008418,1.0259637259807548,43.83445909041317,1.3258937007742335,35.98291063137063,,,,,,,,,,,0.6411832319041547,44.20958188305553,,,,,,,,,,,,,,,2,,,,
2016-12-31,271.84691428460224,3.165897702067639,67.77968943028452,0.9152310160992144,76.29830851121022,1.0259637259807548,46.78842557269406,,,,,,,,,,,,,0.6411832319041547,46.729432180112454,,,,,1.27027687995755,34.251058590301014,,,,,,,,,2,,,,
2017-01-31,292.2319441833059,3.165897702067639,74.55147799859895,0.9152310160992144,80.67513662190673,1.0259637259807548,55.29380278130807,,,,,,,,,,,,,0.6411832319041547,45.18418313498016,,,,,1.27027687995755,36.52734364651202,,,,,,,,,2,,,,
2017-03-31,304.62182358078206,3.165897702067639,89.362838087435,0.9152310160992144,79.54545419767734,1.0259637259807548,57.23563669837334,,,,,,,3.33347179721324,33.18471148693409,,,,,0.6411832319041547,45.2931831103623,,,,,,,,,,,,,,,2,,,,
2017-04-30,299.23627483632947,3.165897702067639,85.55948923081343,0.9152310160992144,73.39537297594711,1.0259637259807548,62.15700556780401,,,,,,,3.33347179721324,33.106932936795026,,,,,0.6411832319041547,45.01747412496992,,,,,,,,,,,,,,,2,,,,
2017-05-31,322.6969934257474,3.165897702067639,95.1451387005576,0.9152310160992144,75.08599330618465,1.0259637259807548,62.84785913267722,,,,,,,3.33347179721324,38.534935374565485,,,,,0.6411832319041547,51.08306691176245,,,,,,,,,,,,,,,2,,,,
2017-06-30,318.03739323681066,3.165897702067639,92.33128987606916,0.9152310160992144,77.7042598193505,1.0259637259807548,61.82900667413004,,,,,,,,,,,,,0.6411832319041547,48.249038200787645,,,,,1.474993538990864,37.923798666473296,,,,,,,,,2,,,,
2017-07-31,307.43943650422545,3.165897702067639,86.95097025436091,0.9152310160992144,73.78269406078604,1.0259637259807548,59.725637010199954,,,,,,,,,,,,,0.6411832319041547,43.39528133094679,,,,,1.474993538990864,43.58485384793178,,,,,,,,,2,,,,
2017-08-31,310.108414578986,3.165897702067639,98.85569437864432,0.9152310160992144,64.63235300949344,1.0259637259807548,61.93587920016671,,,,,,,,,,,,,0.6411832319041547,39.727712461760646,,,,,1.474993538990864,44.95677552892092,,,,,,,,,2,,,,
2017-09-30,331.5309517011457,3.165897702067639,121.61383280946716,0.9152310160992144,66.27456955094618,1.0259637259807548,60.62376621324023,1.8733156978745944,43.98354728430956,,,,,,,,,,,0.6411832319041547,39.03523584318252,,,,,,,,,,,,,,,2,,,,
2017-10-31,344.8395894945592,3.165897702067639,137.01271797749266,0.9152310160992144,57.37655035620765,1.0259637259807548,62.99254622445038,1.8733156978745944,49.96137982816397,,,,,,,,,,,0.6411832319041547,37.49639510824458,,,,,,,,,,,,,,,2,,,,
2017-11-30,339.53751782834047,3.165897702067639,131.0757781694004,0.9152310160992144,60.10506257324376,1.0259637259807548,55.64682613506474,1.8733156978745944,52.11012890213407,,,,,,,,,,,0.6411832319041547,40.59972204849748,,,,,,,,,,,,,,,2,,,,
2017-12-31,347.19303939866563,3.165897702067639,127.14876747226246,0.9152310160992144,64.16619072742876,1.0259637259807548,56.11960213655533,1.8733156978745944,56.54272825371108,,,,,,,,,,,0.6411832319041547,43.215750808707995,,,,,,,,,,,,,,,2,,,,
2018-01-31,374.9335267078397,3.165897702067639,135.188375223608,0.9152310160992144,57.37510145456702,1.0259637259807548,63.178084944991646,1.8733156978745944,75.7069184926068,,,,,,,,,,,0.6411832319041547,43.485046592066176,,,,,,,,,,,,,,,2,,,,
2018-03-31,405.88870437742105,3.165897702067639,161.22417137135645,,,1.0259637259807548,65.51407172019414,1.8733156978745944,80.26033392941223,,,,,,,,,,,0.6411832319041547,44.542999903076,1.2754575994372237,54.347127453382214,,,,,,,,,,,,,2,,,,
2018-04-30,377.881508008521,3.165897702067639,142.17656446473774,,,1.0259637259807548,56.24802372064883,1.8733156978745944,80.23312860385906,,,,,,,,,,,0.6411832319041547,43.30551606982739,1.2754575994372237,55.91827514944801,,,,,,,,,,,,,2,,,,
2018-05-31,405.87938181542654,3.165897702067639,178.0763231946577,,,1.0259637259807548,59.61762949926744,1.8733156978745944,78.09874325575234,,,,,,,,,,,0.6411832319041547,44.619938760127,1.2754575994372237,45.46674710562208,,,,,,,,,,,,,2,,,,
2018-06-30,388.9656458572243,3.165897702067639,162.15177707928953,0.8014798138982446,46.642964425806824,1.0259637259807548,55.262849003579866,1.8733156978745944,78.26509092274118,,,,,,,,,,,,,,,,,1.5440047124420309,46.642964425806824,,,,,,,,,2,,,,
2018-07-31,381.4184697237058,3.165897702067639,163.23405217454555,0.8014798138982446,48.52753225832562,1.0259637259807548,50.405994241125,1.8733156978745944,73.71654914814413,,,,,,,,,,,,,,,,,1.5440047124420309,45.53434190156561,,,,,,,,,2,,,,
2018-08-31,373.4925664125535,3.165897702067639,162.3991490680875,0.8014798138982446,52.12673747270838,1.0259637259807548,45.44083452342011,1.8733156978745944,75.00538268762806,,,,,,,,,,,,,,,,,1.5440047124420309,38.52046266070949,,,,,,,,,2,,,,
2018-09-30,339.1929210133878,3.165897702067639,139.8574898101985,0.8014798138982446,53.44800634590548,,,,,,,,,,,,,,,0.5460267567052295,48.62914161909461,1.1776567639815667,48.62914161909461,,,,,0.6717660178078193,48.62914161909461,,,,,,,2,,,,
2018-10-31,295.97689934629807,3.165897702067639,116.63553644846782,0.8014798138982446,47.673199121281094,,,,,,,,,,,,,,,0.5460267567052295,46.69074913230317,1.1776567639815667,41.205138463807856,,,,,0.6717660178078193,43.77227618043814,,,,,,,2,,,,
2018-11-30,314.58964555620815,3.165897702067639,119.23288798461049,0.8014798138982446,56.86321705650254,,,,,,,,,,,,,,,0.5460267567052295,52.800785707054274,1.1776567639815667,37.913396791459704,,,,,0.6717660178078193,47.77935801658115,,,,,,,2,,,,
2018-12-31,262.88249934528227,3.165897702067639,98.11358445072112,0.8014798138982446,47.4541178623368,,,,,,,,,,,,,,,0.5460267567052295,45.71882217190443,1.1776567639815667,32.868662908665556,,,1.383554365604852,38.72731195165438,,,,,,,,,2,,,,
2019-01-31,292.02291018466497,3.165897702067639,118.18159024380776,0.8014798138982446,49.87166744747177,,,,,,,,,,,,,,,0.5460267567052295,47.65175322468981,1.1776567639815667,38.03550931800446,,,1.383554365604852,38.28238995069121,,,,,,,,,2,,,,
2019-03-31,287.42621553603277,3.165897702067639,127.79814460635735,0.8014798138982446,43.99672722195863,,,,,,,,,,,,,0.8303470394108878,40.14544409293313,0.5460267567052295,43.56201398340664,1.1776567639815667,31.92388563137702,,,,,,,,,,,,,2,,,,
2019-04-30,300.0367723563262,3.165897702067639,130.05538532140312,0.8014798138982446,48.52811010746513,,,,,,,,,,,,,0.8303470394108878,40.912082750677186,0.5460267567052295,48.519937934094976,1.1776567639815667,32.02125624268576,,,,,,,,,,,,,2,,,,
2019-05-31,255.17632828269296,3.165897702067639,100.83467632749864,0.8014798138982446,45.62739914922859,,,,,,,,,,,,,0.8303470394108878,37.97542188569281,0.5460267567052295,42.39897849133178,1.1776567639815667,28.339852428941153,,,,,,,,,,,,,2,,,,
2019-06-30,291.2418763639857,3.165897702067639,119.32563889385074,,,,,1.3341310122632986,49.09560291034239,,,,,,,,,0.8303470394108878,42.239613636931985,,,1.1776567639815667,31.485418012518192,,,1.528749944092308,49.09560291034239,,,,,,,,,2,,,,
2019-07-31,307.6688636110568,3.165897702067639,138.80614376163055,,,,,1.3341310122632986,48.946791605111,,,,,,,,,0.8303470394108878,42.078925216410006,,,1.1776567639815667,31.039324537805868,,,1.528749944092308,46.79767849009936,,,,,,,,,2,,,,
2019-08-31,298.10925677302544,3.165897702067639,139.9811335353029,,,,,1.3341310122632986,53.0688545814088,,,,,,,,,0.8303470394108878,33.22020078398413,,,1.1776567639815667,20.722990368328595,,,1.528749944092308,51.11607750400104,,,,,,,,,2,,,,
2019-09-30,300.0832353502711,3.165897702067639,132.49818823963594,,,0.5985440719707964,26.14207403335771,1.3341310122632986,56.85268737527249,,,,,,,,,0.8303470394108878,35.998624890924035,,,,,,,1.528749944092308,48.59166081108094,,,,,,,,,2,,,,
2019-10-31,323.07485189485783,3.165897702067639,147.0312412545153,,,0.5985440719707964,22.639806682668787,1.3341310122632986,62.07547052621978,,,,,,,,,0.8303470394108878,40.22982689448459,,,,,,,1.528749944092308,51.09850653696937,,,,,,,,,2,,,,
2019-11-30,327.8229390247361,3.165897702067639,146.90754922164567,,,0.5985440719707964,22.25706534874395,1.3341310122632986,63.84050798180172,,,,,,,,,0.8303470394108878,45.42986952725463,,,,,,,1.528749944092308,49.38794694529015,,,,,,,,,2,,,,
2019-12-31,358.8805068289814,3.165897702067639,166.2952669493613,,,0.5985440719707964,28.067872871428087,,,,,,,1.9300200635196592,54.31719818398673,,,,,,,,,,,1.528749944092308,55.88297064021856,0.8639605393159877,54.31719818398673,,,,,,,2,,,,
2020-01-31,366.9630708589312,3.165897702067639,164.16166995941995,,,0.5985440719707964,28.96558623248472,,,,,,,1.9300200635196592,61.41002044493303,,,,,,,,,,,1.528749944092308,58.16043156118707,0.8639605393159877,54.26536266090643,,,,,,,2,,,,
2020-02-29,346.6066902008936,3.165897702067639,162.52285317789844,,,0.5985440719707964,24.764984737706303,,,,,,,1.9300200635196592,55.90624882161176,,,,,,,,,,,1.528749944092308,57.60541527365368,0.8639605393159877,45.80718819002342,,,,,,,2,,,,
2020-03-31,301.4828893258083,3.165897702067639,130.05538532140312,,,,,0.4690161230834715,18.55145160913259,,,,,1.9300200635196592,43.1037789644583,,,,,,,,,,,1.528749944092308,58.4443779218814,0.8639605393159877,51.32789550893291,,,,,,,2,,,,
2020-04-30,349.7424088348159,3.165897702067639,148.082538995318,,,,,0.4690161230834715,19.296194335641637,,,,,1.9300200635196592,47.85163023495165,,,,,,,,,,,1.528749944092308,76.98955097928716,0.8639605393159877,57.522494289617455,,,,,,,2,,,,
2020-05-31,360.2683312037762,3.165897702067639,148.14439708869415,,,,,0.4690161230834715,20.489894973885093,,,,,1.9300200635196592,58.71442786678402,,,,,,,,,,,1.528749944092308,75.6822255447287,0.8639605393159877,57.237385729684185,,,,,,,2,,,,
2020-06-30,376.0006172107639,3.165897702067639,159.30702940046632,,,1.229005608542202,40.937025190376865,,,,,0.6724625988349896,40.937025190376865,,,,,,,,,,,,,1.528749944092308,79.91484581516247,0.8639605393159877,54.904691614381434,,,,,,,2,,,,
2020-07-31,380.82574156596,3.165897702067639,154.7924996626096,,,1.229005608542202,39.963437312369706,,,,,0.6724625988349896,39.74086602776486,,,,,,,,,,,,,1.528749944092308,89.95551337284765,0.8639605393159877,56.373425190368195,,,,,,,2,,,,
2020-08-31,360.3050624745979,3.165897702067639,140.72327365557936,,,1.229005608542202,35.62401993605533,,,,,0.6724625988349896,43.52007176681387,,,,,,,,,,,,,1.528749944092308,87.45963710895278,0.8639605393159877,52.97806000719653,,,,,,,2,,,,
2020-09-30,357.5766695836767,3.165897702067639,145.20686226980672,,,1.229005608542202,33.89010720198382,,,,,,,,,,,,,,,3.451571123627775,47.9994083153925,1.5323116174651643,47.9994083153925,1.528749944092308,82.48088348110116,,,,,,,,,2,,,,
2020-10-31,390.5959282519228,3.165897702067639,155.65829558493178,,,1.229005608542202,34.98423555851128,,,,,,,,,,,,,,,3.451571123627775,68.26786585170643,1.5323116174651643,49.68591615444931,1.528749944092308,81.99961510232399,,,,,,,,,2,,,,
2020-11-30,469.2604002943162,3.165897702067639,198.1751916112552,,,1.229005608542202,41.61390092943207,,,,,,,,,,,,,,,3.451571123627775,86.97012809223091,1.5323116174651643,65.74725342553852,1.528749944092308,76.75392623585948,,,,,,,,,2,,,,
2020-12-31,526.0179016429369,3.165897702067639,232.46708676022433,,,1.229005608542202,51.35904844763263,,,,,,,,,,,,,,,3.451571123627775,95.4460391097154,,,1.528749944092308,78.15017371001267,,,,,0.504843194273733,68.59555361535185,,,2,,,,
2021-01-31,545.6839599181845,3.165897702067639,242.0217588755152,,,1.229005608542202,52.32335821094212,,,,,,,,,,,,,,,3.451571123627775,97.10437167292416,,,1.528749944092308,78.29387891067461,,,,,0.504843194273733,75.94059224812841,,,2,,,,
2021-03-31,622.9231522581478,3.165897702067639,272.75764696430747,,,1.229005608542202,61.89232938042671,1.2586048218981911,82.54408851624474,,,,,,,,,,,,,3.451571123627775,126.55504474896055,,,1.528749944092308,79.17404264820824,,,,,,,,,2,,,,
2021-04-30,662.1011589856856,3.165897702067639,266.1404492831974,,,1.229005608542202,65.48996875350338,1.2586048218981911,100.73755000271068,,,,,,,,,,,,,3.451571123627775,146.94631137784518,,,1.528749944092308,82.78687956842899,,,,,,,,,2,,,,
2021-05-31,669.1504399728203,3.165897702067639,260.17262873618233,,,1.229005608542202,69.7552057509376,1.2586048218981911,103.89507600193492,,,,,,,,,,,,,3.451571123627775,137.85627260563882,,,1.528749944092308,97.4712568781266,,,,,,,,,2,,,,
2021-06-30,642.4859952450967,3.165897702067639,262.77001650314895,,,,,1.2586048218981911,96.1255303695863,,,,,,,,,,,,,3.451571123627775,133.52617982947726,,,1.528749944092308,84.07359571075715,,,,,0.3850276660522156,65.99067283212696,,,2,,,,
2021-07-31,613.337574793714,3.165897702067639,239.88817396251517,,,,,1.2586048218981911,96.0927478007542,,,,,,,,,,,,,3.451571123627775,129.9024672840725,,,1.528749944092308,83.9551535134743,,,,,0.3850276660522156,63.49903223289791,,,2,,,,
2021-08-31,588.1042760481394,3.165897702067639,227.8906747751089,,,,,1.2586048218981911,95.7538601559908,,,,,,,,,,,,,3.451571123627775,123.82190138560814,,,1.528749944092308,77.5001645642055,,,,,0.3850276660522156,63.137675167226014,,,2,,,,
2021-09-30,552.8303579124919,3.165897702067639,219.48005130986095,,,,,,,,,,,,,,,,,1.8963904230701591,90.21129184671506,3.451571123627775,113.68766438826437,,,1.528749944092308,72.56869450777532,,,,,0.3850276660522156,56.88265585987621,,,2,,,,
2021-10-31,552.4622414727397,3.165897702067639,213.96552667787503,,,,,,,,,,,,,,,,,1.8963904230701591,87.4994529629923,3.451571123627775,120.44806645244782,,,1.528749944092308,72.85531179541971,,,,,0.3850276660522156,57.69388358400478,,,2,,,,
2021-11-30,590.6650560722576,3.165897702067639,260.1027757076608,,,,,,,,,,,,,,,,,1.8963904230701591,80.14145609591658,3.451571123627775,123.97068508348792,,,1.528749944092308,74.0965521989782,,,,,0.3850276660522156,52.35358698621409,,,2,,,,
2021-12-31,634.3311054245189,3.165897702067639,288.4354490918256,,,1.700800107744029,83.6756684172271,,,,,,,,,,,,,1.8963904230701591,83.02397040708186,3.451571123627775,125.45386105086529,,,,,,,,,0.3850276660522156,53.74215645751904,,,2,,,,
2022-01-31,571.5064915927844,3.165897702067639,255.01753803138507,,,1.700800107744029,66.39134182179359,,,,,,,,,,,,,1.8963904230701591,81.31722336681193,3.451571123627775,118.0242878470939,,,,,,,,,0.3850276660522156,50.7561005256999,,,2,,,,
2022-03-31,554.9629257501938,3.165897702067639,241.44051984427625,1.544956202627046,89.62290672123726,,,,,,,,,,,,,,,1.8963904230701591,87.91666117099744,,,,,,,,,0.8274131661961679,89.62290672123726,0.3850276660522156,46.359931292445594,,,2,,,,
2022-04-30,517.3985483379032,3.165897702067639,211.37289722578356,1.544956202627046,84.0301669179186,,,,,,,,,,,,,,,1.8963904230701591,95.76771636504304,,,,,,,,,0.8274131661961679,86.81765464710942,0.3850276660522156,39.41011318204861,,,2,,,,
2022-05-31,521.8228534320043,,,1.544956202627046,74.55958374562356,,,,,,,,,,,,,,,1.8963904230701591,90.3250778763952,7.328543858571968,229.19928382740548,,,,,,,0.8274131661961679,89.869719159988,0.3850276660522156,37.86918882259213,,,2,,,,
2022-06-30,442.89349337811984,,,1.544956202627046,61.87549473650515,,,,,,,,,,,,,,,1.8963904230701591,67.17014531275048,7.328543858571968,202.75833236013037,,,1.469213404876873,78.68959797191668,,,,,0.3850276660522156,32.399922996817146,,,2,,,,
2022-07-31,461.5283967846113,,,1.544956202627046,68.48791129135624,,,,,,,,,,,,,,,1.8963904230701591,69.69234804782836,7.328543858571968,225.0675986098375,,,1.469213404876873,60.20083207104431,,,,,0.3850276660522156,38.07970676454489,,,2,,,,
2022-08-31,455.5762336704755,,,1.544956202627046,67.2982943081086,,,,,,,,,,,,,,,1.8963904230701591,66.39262552865792,7.328543858571968,232.4293264495806,,,1.469213404876873,54.98909926914224,,,,,0.3850276660522156,34.46688811498615,,,2,,,,
2022-09-30,398.32165353537835,,,1.544956202627046,60.48503769026493,,,,,,,,,,,,,,,1.8963904230701591,61.68957814754257,7.328543858571968,190.26679994329703,,,1.469213404876873,55.879872667417665,,,,,0.3850276660522156,30.000365086856124,,,2,,,,
2022-10-31,451.5414354707746,,,1.544956202627046,68.68875135434882,,,,,,,,,,,,,,,1.8963904230701591,81.69650289825704,7.328543858571968,213.8781810127243,,,1.469213404876873,57.01728788968454,,,,,0.3850276660522156,30.2607123157599,,,2,,,,
2022-11-30,509.6468918104963,,,1.544956202627046,73.29272013095259,,,,,,,,,,,,,,,1.8963904230701591,83.76356151461437,7.328543858571968,254.99300788096244,,,1.469213404876873,63.9558217127665,,,,,0.3850276660522156,33.641780571200464,,,2,,,,
2022-12-31,490.7865112772135,,,1.544956202627046,66.34041721913088,,,,,,,,,,,,,,,1.8963904230701591,71.49392039657609,7.328543858571968,257.0859190573698,,,1.469213404876873,63.59205486689731,0.3935397987629281,32.27419973723944,,,,,,,2,,,,
2023-01-31,584.507562501628,,,1.544956202627046,79.31805167861415,,,,,,,,,,,,,,,1.8963904230701591,92.84727337731772,7.328543858571968,310.1845382699644,,,1.469213404876873,72.15422575873772,0.3935397987629281,30.00347341699393,,,,,,,2,,,,
2023-03-31,533.8812732931921,,,1.544956202627046,64.8263608477812,0.8752801996026232,24.87565031950824,,,,,,,,,,,,,1.8963904230701591,83.91527622085455,7.328543858571968,293.4398790060707,,,1.469213404876873,66.82410689897733,,,,,,,,,2,,,,
2023-04-30,517.9081069484603,,,1.544956202627046,67.14379515172178,,,,,,,,,,,,,,,1.8963904230701591,83.0618990836419,7.328543858571968,279.7300583639079,,,1.469213404876873,65.2296586097164,,,,,,,,,2,,,0.5181442245631471,22.742695739472264
2023-05-31,513.6416448888738,,,1.544956202627046,69.4148826555164,,,,,,,,,,,,,,,1.8963904230701591,90.02165569807018,7.328543858571968,274.31503089895045,,,1.469213404876873,55.802988704831826,,,,,,,,,2,,,0.5181442245631471,24.087086931504953
2023-06-30,563.9707648799204,,,1.544956202627046,82.16077132718952,,,,,,,,,,,,,,,1.8963904230701591,104.05494048829614,7.328543858571968,293.37037995199205,,,1.469213404876873,59.29375487869088,0.3719928742621796,25.090918233751857,,,,,,,2,,,,
2023-07-31,560.9412787192812,,,1.544956202627046,75.13122178394451,,,,,,,,,,,,,,,1.8963904230701591,102.99296648123628,7.328543858571968,297.832968449368,,,1.469213404876873,59.655128558499115,0.3719928742621796,25.328993446233216,,,,,,,2,,,,
2023-08-31,467.00845930202576,0.7908771946114329,54.79043846306137,1.544956202627046,64.84181371018998,,,,,,,,,,,,,,,1.8963904230701591,94.45920957742057,7.328543858571968,229.9836362854744,,,,,0.3719928742621796,22.93336126587945,,,,,,,2,,,,
2023-09-30,414.86158012247216,0.7908771946114329,53.29414239985231,1.544956202627046,57.28697882231016,3.254305080093193,112.03157272563652,,,,,,,,,,,,,1.8963904230701591,80.21731344903667,,,,,3.204961445131916,112.03157272563652,,,,,,,,,2,,,,
2023-10-31,381.0123783815307,0.7908771946114329,52.38541079419084,1.544956202627046,48.86696339251462,3.254305080093193,98.57698191641296,,,,,,,,,,,,,1.8963904230701591,66.39262552865792,,,,,3.204961445131916,114.79039674975438,,,,,,,,,2,,,,
2023-11-30,434.5986068075096,0.7908771946114329,59.73126682203361,1.544956202627046,58.41479614300308,3.254305080093193,118.61156447079352,,,,,,,,,,,,,1.8963904230701591,74.71778556262642,,,,,3.204961445131916,123.123193809053,,,,,,,,,2,,,,
2023-12-31,462.2144820788842,0.7908771946114329,66.9661893383489,,,,,,,,,,,,,,,,,1.8963904230701591,78.24506567284642,2.6956821442005485,94.47058713601898,,,3.204961445131916,128.06205279565089,1.2730169559560816,94.47058713601898,,,,,,,2,,,,
2024-01-31,449.1322373780567,0.7908771946114329,67.3780100125541,,,,,,,,,,,,,,,,,1.8963904230701591,78.47263773220669,2.6956821442005485,100.63557797727842,,,3.204961445131916,106.77510781091654,1.2730169559560816,95.87090384510095,,,,,,,2,,,,
2024-02-29,477.30520488686454,0.7908771946114329,71.19675962958046,,,,,,,,,,,,,,,,,1.8963904230701591,86.2668035284899,2.6956821442005485,123.31035711677576,,,3.204961445131916,96.68856436788904,1.2730169559560816,99.84272024412942,,,,,,,2,,,,
2024-03-31,517.4083649031556,0.7908771946114329,92.63199826765214,2.5946382958014422,111.54350469151824,,,,,,,,,,,,,,,1.8963904230701591,90.79917548216274,,,,,3.204961445131916,110.89018177030424,,,,,1.084325224131884,111.5435046915182,,,2,,,,
2024-04-30,534.5490345728479,0.7908771946114329,88.84393110404527,2.5946382958014422,111.6213406731092,,,,,,,,,,,,,,,1.8963904230701591,97.58824943499312,,,,,3.204961445131916,126.73349465448362,,,,,1.084325224131884,109.76201870621658,,,2,,,,
2024-05-31,534.0348569906548,0.7908771946114329,98.3134835538198,2.5946382958014422,109.02670237730776,,,,,,,,,,,,,,,1.8963904230701591,100.4897317015161,,,,,3.204961445131916,130.78746327748075,,,,,1.084325224131884,95.41747608053048,,,2,,,,
2024-06-30,541.6750296046728,0.7908771946114329,103.44938232313592,2.5946382958014422,104.82339110948212,,,,,,,,,,,,,,,1.8963904230701591,92.27835769722776,,,,,3.204961445131916,130.5691688034404,,,,,1.084325224131884,110.5547296713866,,,2,,,,
2024-07-31,541.6830885787415,0.7908771946114329,86.37429831644071,2.5946382958014422,97.37677207414504,,,,,,,,,,,,,,,1.8963904230701591,86.13404954345206,,,,,3.204961445131916,153.94068847323626,,,,,1.084325224131884,117.85728017146742,,,2,,,,
