date,portfolio_value,MU_shares,MU_value,NEM_shares,NEM_value,ALK_shares,ALK_value,STX_shares,STX_value,WDC_shares,WDC_value,HAS_shares,HAS_value,AMD_shares,AMD_value,DECK_shares,DECK_value,UAL_shares,UAL_value,AAPL_shares,AAPL_value,UNH_shares,UNH_value,TPR_shares,TPR_value,CNC_shares,CNC_value,GE_shares,GE_value,LRCX_shares,LRCX_value,SWKS_shares,SWKS_value,MMM_shares,MMM_value,CSCO_shares,CSCO_value,run
2010-08-31,0.0,,,,,,,,,,,,,,,,,,,,,,,,,,,,,,,,,,,,,2
2010-09-30,100.0,7.1002317548103715,50.0,0.278964867351218,12.499999999999998,1.089578676072795,12.5,2.036948440752738,12.500000000000002,0.7269535072988745,12.5,,,,,,,,,,,,,,,,,,,,,,,,,,,2
2010-10-31,112.05959989331464,7.1002317548103715,57.28154708693561,0.278964867351218,12.141522738854729,1.089578676072795,12.933572044433047,2.036948440752738,15.609089497007917,0.7269535072988745,14.09386852608335,,,,,,,,,,,,,,,,,,,,,,,,,,,2
2010-11-30,104.60463851954768,7.1002317548103715,50.41608676050707,0.278964867351218,11.736542465096614,1.089578676072795,13.472466550021098,2.036948440752738,14.229630457314911,0.7269535072988745,14.749912286607987,,,,,,,,,,,,,,,,,,,,,,,,,,,2
2010-12-31,112.63356074680983,7.1002317548103715,55.61720343056165,,,,,2.036948440752738,15.948644685354392,0.7269535072988745,14.9260309609694,0.4485234899339483,13.0708408349622,1.597902242948794,13.0708408349622,,,,,,,,,,,,,,,,,,,,,,,2
2011-01-31,127.65384063870204,7.1002317548103715,73.09293201321705,,,,,2.036948440752738,14.855687855119184,0.7269535072988745,14.978864206136398,0.4485234899339483,12.214782123850627,1.597902242948794,12.511574440378793,,,,,,,,,,,,,,,,,,,,,,,2
2011-03-31,138.04281064897032,7.1002317548103715,79.54229880782985,,,0.9152310160992144,13.04917040091924,2.036948440752738,15.290753169114415,0.7269535072988745,16.418628372195847,,,1.597902242948794,13.74195989891096,,,,,,,,,,,,,,,,,,,,,,,2
2011-04-30,142.8169967516083,7.1002317548103715,78.50208359938934,,,0.9152310160992144,13.553279940651407,2.036948440752738,18.696949449343087,0.7269535072988745,17.523772741839103,,,1.597902242948794,14.54091102038536,,,,,,,,,,,,,,,,,,,,,,,2
2011-05-31,132.64593280435187,7.1002317548103715,70.73509462294442,,,0.9152310160992144,13.89689220172057,2.036948440752738,18.007312202303645,0.7269535072988745,16.136841820946657,,,1.597902242948794,13.8697919564366,,,,,,,,,,,,,,,,,,,,,,,2
2011-06-30,110.46720667556892,7.1002317548103715,51.872405657726326,,,0.9152310160992144,14.086191201068813,2.036948440752738,17.321313417740484,0.7269535072988745,16.017960086552016,,,1.597902242948794,11.169336312481272,,,,,,,,,,,,,,,,,,,,,,,2
2011-07-31,105.4748726952135,7.1002317548103715,51.10957033744275,,,0.9152310160992144,12.57592508462942,2.036948440752738,14.888182452594895,0.7269535072988745,15.172592113481771,,,1.597902242948794,11.72860270706468,,,,,,,,,,,,,,,,,,,,,,,2
2011-08-31,89.17331824973641,7.1002317548103715,40.98474058507086,,,0.9152310160992144,11.878406378184115,2.036948440752738,12.412178627411109,0.7269535072988745,12.984320461640324,,,1.597902242948794,10.913672197429998,,,,,,,,,,,,,,,,,,,,,,,2
2011-09-30,77.14640678495286,7.1002317548103715,34.9514571653108,,,0.9152310160992144,11.58211559383084,2.036948440752738,11.171083147550942,0.7269535072988745,11.324407605990666,,,,,0.5228001257341199,8.117343272269608,,,,,,,,,,,,,,,,,,,,,2
2011-10-31,91.7753118645171,7.1002317548103715,38.76559652453103,,,0.9152310160992144,13.689074319173994,2.036948440752738,17.549914926414477,0.7269535072988745,11.72947819988049,,,,,0.5228001257341199,10.041247894517106,,,,,,,,,,,,,,,,,,,,,2
2011-11-30,96.69808490360458,7.1002317548103715,41.5395274466194,,,0.9152310160992144,14.283721009134606,2.036948440752738,18.582259206631026,0.7269535072988745,12.799398557340709,,,,,0.5228001257341199,9.493178683878831,,,,,,,,,,,,,,,,,,,,,2
2011-12-31,97.30460816731843,7.1002317548103715,43.61996802046344,,,0.9152310160992144,15.450369627510952,2.036948440752738,18.022446885246897,0.7269535072988745,13.62715591087321,,,,,,,0.348948989421001,6.5846677232239355,,,,,,,,,,,,,,,,,,,2
2012-01-31,115.6657902856622,7.1002317548103715,52.704582564394805,,,0.9152310160992144,15.664354943185652,2.036948440752738,23.231375054421537,0.7269535072988745,16.004755934921597,,,,,,,0.348948989421001,8.060721788738599,,,,,,,,,,,,,,,,,,,2
2012-02-29,126.7467879779866,7.1002317548103715,59.29266638832074,,,0.9152310160992144,14.108822870128982,2.036948440752738,28.85789109664153,0.7269535072988745,17.281611124465165,,,,,,,0.348948989421001,7.205796498430195,,,,,,,,,,,,,,,,,,,2
2012-03-31,126.5512937855361,7.1002317548103715,56.17197674949286,0.4876096607323886,18.22384374448498,0.9152310160992144,14.7404968524985,2.036948440752738,29.912573166508245,,,,,,,,,0.348948989421001,7.502403272551521,,,,,,,,,,,,,,,,,,,2
2012-04-30,118.43148302439498,7.1002317548103715,45.7004119799618,0.4876096607323886,17.04413245192059,0.9152310160992144,13.909237541964584,2.036948440752738,34.12873917581696,,,,,,,,,0.348948989421001,7.648961874731037,,,,,,,,,,,,,,,,,,,2
2012-05-31,106.48377134536508,,,0.4876096607323886,16.86885494818038,0.9152310160992144,14.11499554025099,2.036948440752738,26.21756591405987,2.1301906559939336,40.49930885252456,,,,,,,0.348948989421001,8.78304609034929,,,,,,,,,,,,,,,,,,,2
2012-06-30,107.61255632029948,,,,,0.9152310160992144,14.773421833033332,2.036948440752738,27.672224377628662,2.1301906559939336,39.325239366079536,,,,,,,0.348948989421001,8.48992888599026,0.9897325718864888,17.35174185756771,,,,,,,,,,,,,,,,,2
2012-07-31,123.9825896510705,,,,,0.9152310160992144,14.341330560331272,2.036948440752738,33.591602653944655,2.1301906559939336,51.31117382747863,,,,,,,0.348948989421001,6.591646197181148,0.9897325718864888,18.146836412134792,,,,,,,,,,,,,,,,,2
2012-08-31,129.7844477238946,3.2587786247567463,19.76553832485358,,,0.9152310160992144,13.806359415653697,2.036948440752738,35.81835723011253,2.1301906559939336,53.956083632230374,,,,,,,0.348948989421001,6.43810912104442,,,,,,,,,,,,,,,,,,,2
2012-09-30,125.2168258613434,3.2587786247567463,19.03348042902538,,,0.9152310160992144,14.427748814871684,2.036948440752738,34.98172454496297,2.1301906559939336,49.96936677877383,,,,,,,,,,,0.1505305002549563,6.80450529370952,,,,,,,,,,,,,,,2
2012-10-31,115.24798549931168,3.2587786247567463,17.282911253540743,,,0.9152310160992144,15.73637059171882,2.036948440752738,30.880194385974782,2.1301906559939336,44.44369720284133,,,,,,,,,,,0.1505305002549563,6.904812065235994,,,,,,,,,,,,,,,2
2012-11-30,115.06578852530292,,,,,0.9152310160992144,17.592310599152174,2.036948440752738,28.36052512590479,2.1301906559939336,43.40499929132537,,,,,,,0.9397454973529444,19.00165331120451,,,0.1505305002549563,6.706300197716085,,,,,,,,,,,,,,,2
2012-12-31,136.30674135994423,3.548160598730168,21.971248939446035,,,0.9152310160992144,17.732216890704283,2.036948440752738,34.747099078927015,2.1301906559939336,55.16836984938501,,,,,,,,,,,0.1505305002549563,6.6878066014819115,,,,,,,,,,,,,,,2
2013-01-31,152.77174892600937,3.548160598730168,26.199155351121295,,,0.9152310160992144,18.983229989187063,2.036948440752738,39.328302140721355,2.1301906559939336,61.426519992224605,,,,,,,,,,,0.1505305002549563,6.834541452755067,,,,,,,,,,,,,,,2
2013-03-31,176.02907199844825,,,0.8915725235673341,27.994050478991937,0.9152310160992144,26.320555180566107,,,2.1301906559939336,65.72636538090633,,,,,,,,,2.0759632183151826,27.994050478991937,,,0.8158708086212206,27.994050478991937,,,,,,,,,,,,,2
2013-04-30,181.0463942733709,,,0.8915725235673341,21.88912849822179,0.9152310160992144,25.365838976262797,,,2.1301906559939336,72.63003941718428,,,,,,,,,2.0759632183151826,28.001646943977473,,,0.8158708086212206,33.15974043772457,,,,,,,,,,,,,2
2013-05-31,190.99792849830925,2.8771093837097967,32.82172908072114,0.8915725235673341,23.159241144290668,0.9152310160992144,23.38233627185672,,,2.1301906559939336,83.19345907537978,,,,,,,,,2.0759632183151826,28.441162926060976,,,,,,,,,,,,,,,,,2
2013-06-30,188.7213810049548,2.8771093837097967,40.26844082997457,,,0.9152310160992144,21.398830076121392,,,2.1301906559939336,81.57741874587072,,,,,,,0.7266968683663545,22.738345676494085,,,,,0.5768056273375575,22.738345676494085,,,,,,,,,,,,,2
2013-07-31,193.92690454697907,2.8771093837097967,37.20544825581525,,,0.9152310160992144,25.172428063885036,,,2.1301906559939336,84.93968657110162,,,,,,,0.7266968683663545,25.325384753716033,,,,,0.5768056273375575,21.283956902461156,,,,,,,,,,,,,2
2013-08-31,185.07001422969648,2.8771093837097967,38.132776156990765,,,0.9152310160992144,23.300033421675085,,,2.1301906559939336,81.79964948187887,,,,,,,0.7266968683663545,20.681792208395596,,,,,0.5768056273375575,21.155762960756164,,,,,,,,,,,,,2
2013-09-30,202.752428022664,2.8771093837097967,49.09209467341597,,,0.9152310160992144,25.851955950681752,0.8808982262971273,22.316860162219893,2.1301906559939336,83.64672916659431,,,,,,,,,,,,,0.5768056273375575,21.84478806975206,,,,,,,,,,,,,2
2013-10-31,216.33488779428245,2.8771093837097967,49.68220918600682,,,0.9152310160992144,29.171183620937867,0.8808982262971273,24.831073154582658,2.1301906559939336,92.21864516497295,,,,,,,,,,,,,0.5768056273375575,20.431776667782128,,,,,,,,,,,,,2
2013-11-30,239.12258477713215,2.8771093837097967,59.29268237956936,,,0.9152310160992144,32.09408606820763,0.8808982262971273,25.00956371945201,2.1301906559939336,99.38370928773529,,,,,,,,,,,,,0.5768056273375575,23.342543322167845,,,,,,,,,,,,,2
2013-12-31,254.13301031370196,2.8771093837097967,61.119230435293794,,,0.9152310160992144,30.369823289273462,,,2.1301906559939336,111.11798458653364,,,,,1.830190790819098,25.762986001300533,0.6810199512110959,25.762986001300533,,,,,,,,,,,,,,,,,,,2
2014-01-31,267.00887264870977,2.8771093837097967,64.74422977541738,,,0.9152310160992144,32.729204246886745,,,2.1301906559939336,114.54025503552806,,,,,1.830190790819098,23.777228923445573,0.6810199512110959,31.217954667432036,,,,,,,,,,,,,,,,,,,2
2014-03-31,281.99533323822106,2.8771093837097967,66.48647105421401,1.666216679481085,30.393921149958995,0.9152310160992144,38.74434908425869,,,2.1301906559939336,122.05040737922272,,,,,1.830190790819098,24.320184570566653,,,,,,,,,,,,,,,,,,,,,2
2014-04-30,286.41307849695505,2.8771093837097967,73.39927006500314,1.666216679481085,32.396179125931646,0.9152310160992144,39.06407105207142,,,2.1301906559939336,117.4712986956374,,,,,1.830190790819098,24.082259558311456,,,,,,,,,,,,,,,,,,,,,2
2014-05-31,291.8283916059504,2.8771093837097967,80.34017682241887,1.666216679481085,29.865025874812662,0.9152310160992144,40.88273937404805,,,2.1301906559939336,117.16454096986922,,,,,1.830190790819098,23.575908564801615,,,,,,,,,,,,,,,,,,,,,2
2014-06-30,314.7870859245028,2.8771093837097967,92.59210870550162,1.666216679481085,33.19205653839535,0.9152310160992144,39.57007987491805,,,2.1301906559939336,123.09944566705764,,,,,,,0.6411832319041547,26.33339513863004,,,,,,,,,,,,,,,,,,,2
2014-07-31,318.55181230166926,2.8771093837097967,85.84792873621878,1.666216679481085,32.536436276039105,0.9152310160992144,36.61013442425774,,,2.1301906559939336,133.81282312846707,,,,,,,0.6411832319041547,29.74448973668655,,,,,,,,,,,,,,,,,,,2
2014-08-31,334.0949906841261,2.8771093837097967,91.60859000550084,1.666216679481085,35.383856958560756,0.9152310160992144,38.58342673625894,,,2.1301906559939336,137.99238292150156,,,,,,,0.6411832319041547,30.52673406230399,,,,,,,,,,,,,,,,,,,2
2014-09-30,323.1038973155065,2.8771093837097967,96.27329061297448,1.666216679481085,30.106974464186393,0.9152310160992144,36.352641909077725,,,2.1301906559939336,130.37002632145172,,,,,,,0.6411832319041547,30.00096400781618,,,,,,,,,,,,,,,,,,,2
2014-10-31,327.5939022403958,2.8771093837097967,92.98552935586348,1.666216679481085,24.52779845110559,0.9152310160992144,44.44306078597566,,,2.1301906559939336,131.7766262900615,,,,,,,0.6411832319041547,33.86088735738958,,,,,,,,,,,,,,,,,,,2
2014-11-30,352.5363694671405,2.8771093837097967,101.0223473862318,1.666216679481085,24.05711562964512,0.9152310160992144,49.28562523656781,,,2.1301906559939336,138.91163221871477,,,,,,,0.6411832319041547,39.259648995981,,,,,,,,,,,,,,,,,,,2
2014-12-31,364.8926512237474,2.8771093837097967,98.38086674610898,,,0.9152310160992144,50.00627749065362,,,2.1301906559939336,148.90592081472877,,,,,1.6285703284760218,24.710840181534383,0.6411832319041547,42.88874599072172,,,,,,,,,,,,,,,,,,,2
2015-01-31,332.70182711297764,2.8771093837097967,82.25102067976982,,,0.9152310160992144,56.79259760775366,,,2.1301906559939336,131.2514814416438,,,,,1.6285703284760218,17.92784482555678,0.6411832319041547,44.47888255825356,,,,,,,,,,,,,,,,,,,2
2015-03-31,317.54601440476813,2.8771093837097967,76.23745005500558,,,0.9152310160992144,55.554973756962,,,2.1301906559939336,122.85503086240452,,,,,1.6285703284760218,19.778987384841617,0.6411832319041547,43.1195723455544,,,,,,,,,,,,,,,,,,,2
2015-04-30,323.86649258964445,2.8771093837097967,79.04752778603209,,,0.9152310160992144,53.77532453073398,,,2.1301906559939336,132.65365272255704,,,,,1.6285703284760218,20.08570020016237,0.6411832319041547,38.304287350158965,,,,,,,,,,,,,,,,,,,2
2015-05-31,318.38567394888526,2.8771093837097967,78.48551553241718,,,0.9152310160992144,54.26220436059505,,,2.1301906559939336,132.1379178197404,,,,,1.6285703284760218,18.49784350864797,0.6411832319041547,35.002192727484605,,,,,,,,,,,,,,,,,,,2
2015-06-30,267.14453690810416,2.8771093837097967,52.94189562239513,,,0.9152310160992144,54.24645846565713,0.6685817497673164,19.5347009036948,2.1301906559939336,106.43235986932264,,,,,,,0.6411832319041547,33.98912204703448,,,,,,,,,,,,,,,,,,,2
2015-07-31,290.2761366887069,2.8771093837097967,52.01458144034624,,,0.9152310160992144,63.77726363113275,0.6685817497673164,20.809596759759835,2.1301906559939336,117.51837280174004,,,,,,,0.6411832319041547,36.1563220557281,,,,,,,,,,,,,,,,,,,2
2015-08-31,278.7278136479628,2.8771093837097967,46.11340338853382,,,0.9152310160992144,63.027940581208746,0.6685817497673164,21.138601854017605,2.1301906559939336,111.9196583199286,,,,,,,0.6411832319041547,36.528209504274066,,,,,,,,,,,,,,,,,,,2
2015-09-30,270.2700721634486,2.8771093837097967,42.09498614187369,,,0.9152310160992144,67.06160593947762,0.6685817497673164,18.620231525391,2.1301906559939336,108.47847859337492,,,,,,,0.6411832319041547,34.014769963331425,,,,,,,,,,,,,,,,,,,2
2015-10-31,257.29200215119243,2.8771093837097967,46.53490983491968,,,0.9152310160992144,64.36060190563794,0.6685817497673164,15.818880012897202,2.1301906559939336,91.90784880106688,,,,,,,0.6411832319041547,38.669761596670746,,,,,,,,,,,,,,,,,,,2
2015-11-30,248.57550377046152,2.8771093837097967,44.76456629714712,,,0.9152310160992144,67.29796893000922,0.6685817497673164,14.937744845826389,2.1301906559939336,85.84208247697063,,,,,,,0.6411832319041547,35.73314122050815,,,,,,,,,,,,,,,,,,,2
2015-12-31,242.73913954615605,2.8771093837097967,39.79071889033553,,,0.9152310160992144,68.13405151190825,,,2.1301906559939336,82.59601691607045,,,,,1.9676127049223888,15.478553528917686,0.6411832319041547,36.73979869892408,,,,,,,,,,,,,,,,,,,2
2016-01-31,204.29539845422576,2.8771093837097967,30.99516730587008,,,0.9152310160992144,59.57814417949176,,,2.1301906559939336,66.54607484336994,,,,,1.9676127049223888,16.219686471855788,0.6411832319041547,30.956325653638213,,,,,,,,,,,,,,,,,,,2
2016-02-29,208.04757872242712,2.8771093837097967,29.87114005481493,,,0.9152310160992144,62.54013205776597,,,2.1301906559939336,60.37412565297931,,,,,1.9676127049223888,18.54803017423976,0.6411832319041547,36.71415078262714,,,,,,,,,,,,,,,,,,,2
2016-03-31,222.64598164207555,,,,,0.9152310160992144,69.67687689214307,1.3258937007742335,29.42153134945313,2.1301906559939336,65.51973256422565,,,,,1.9676127049223888,19.64661218312384,0.6411832319041547,38.38122865312989,,,,,,,,,,,,,,,,,,,2
2016-04-30,184.031473610439,,,,,0.9152310160992144,59.831049088031314,1.3258937007742335,18.592360907805517,2.1301906559939336,57.27751001826364,,,,,1.9676127049223888,18.957948862278023,0.6411832319041547,29.3726047340605,,,,,,,,,,,,,,,,,,,2
2016-05-31,187.0554157402217,,,,,0.9152310160992144,56.40752843028391,1.3258937007742335,19.267047104809368,2.1301906559939336,65.22376214656231,,,,,1.9676127049223888,17.24612603417095,0.6411832319041547,28.910952024395133,,,,,,,,,,,,,,,,,,,2
2016-06-30,182.617559968404,3.165897702067639,42.54783413071746,,,0.9152310160992144,49.72711429479075,1.3258937007742335,21.480616987811043,,,,,,,,,0.6411832319041547,26.31416042436729,,,,,,,1.1923170097609423,42.54783413071746,,,,,,,,,,,2
2016-07-31,200.1993609394644,3.165897702067639,42.48599717198863,,,0.9152310160992144,57.34529248539186,1.3258937007742335,28.24400559079663,,,,,,,,,0.6411832319041547,30.06508135263863,,,,,,,1.1923170097609423,42.058984338648614,,,,,,,,,,,2
2016-08-31,211.3847081755953,3.165897702067639,50.98937758494744,,,0.9152310160992144,57.60973972844689,1.3258937007742335,29.75187939566253,,,,,,,,,0.6411832319041547,32.322046622451644,,,,,,,1.1923170097609423,40.71166484408679,,,,,,,,,,,2
2016-09-30,218.9529655518851,3.165897702067639,54.97824033699085,,,0.9152310160992144,56.41973062602849,1.3258937007742335,33.99333668716342,1.0259637259807548,39.91877294099694,,,,,,,0.6411832319041547,33.64288496070537,,,,,,,,,,,,,,,,,,,2
2016-10-31,222.0104561485875,3.165897702067639,53.061122519983314,,,0.9152310160992144,61.86811402019575,1.3258937007742335,30.78737221075255,1.0259637259807548,40.24011456119567,,,,,,,0.6411832319041547,36.05373283646023,,,,,,,,,,,,,,,,,,,2
2016-11-30,254.89399007878137,3.165897702067639,60.38949504385782,,,0.9152310160992144,70.47754343008418,1.3258937007742335,35.98291063137063,1.0259637259807548,43.83445909041317,,,,,,,0.6411832319041547,44.20958188305553,,,,,,,,,,,,,,,,,,,2
2016-12-31,271.84691428460224,3.165897702067639,67.77968943028452,1.27027687995755,34.251058590301014,0.9152310160992144,76.29830851121022,,,1.0259637259807548,46.78842557269406,,,,,,,0.6411832319041547,46.729432180112454,,,,,,,,,,,,,,,,,,,2
2017-01-31,292.2319441833059,3.165897702067639,74.55147799859895,1.27027687995755,36.52734364651202,0.9152310160992144,80.67513662190673,,,1.0259637259807548,55.29380278130807,,,,,,,0.6411832319041547,45.18418313498016,,,,,,,,,,,,,,,,,,,2
2017-03-31,304.62182358078206,3.165897702067639,89.362838087435,,,0.9152310160992144,79.54545419767734,,,1.0259637259807548,57.23563669837334,,,,,3.33347179721324,33.18471148693409,0.6411832319041547,45.2931831103623,,,,,,,,,,,,,,,,,,,2
2017-04-30,299.23627483632947,3.165897702067639,85.55948923081343,,,0.9152310160992144,73.39537297594711,,,1.0259637259807548,62.15700556780401,,,,,3.33347179721324,33.106932936795026,0.6411832319041547,45.01747412496992,,,,,,,,,,,,,,,,,,,2
2017-05-31,322.6969934257474,3.165897702067639,95.1451387005576,,,0.9152310160992144,75.08599330618465,,,1.0259637259807548,62.84785913267722,,,,,3.33347179721324,38.534935374565485,0.6411832319041547,51.08306691176245,,,,,,,,,,,,,,,,,,,2
2017-06-30,318.03739323681066,3.165897702067639,92.33128987606916,1.474993538990864,37.923798666473296,0.9152310160992144,77.7042598193505,,,1.0259637259807548,61.82900667413004,,,,,,,0.6411832319041547,48.249038200787645,,,,,,,,,,,,,,,,,,,2
2017-07-31,307.43943650422545,3.165897702067639,86.95097025436091,1.474993538990864,43.58485384793178,0.9152310160992144,73.78269406078604,,,1.0259637259807548,59.725637010199954,,,,,,,0.6411832319041547,43.39528133094679,,,,,,,,,,,,,,,,,,,2
2017-08-31,310.108414578986,3.165897702067639,98.85569437864432,1.474993538990864,44.95677552892092,0.9152310160992144,64.63235300949344,,,1.0259637259807548,61.93587920016671,,,,,,,0.6411832319041547,39.727712461760646,,,,,,,,,,,,,,,,,,,2
2017-09-30,331.5309517011457,3.165897702067639,121.61383280946716,,,0.9152310160992144,66.27456955094618,1.8733156978745944,43.98354728430956,1.0259637259807548,60.62376621324023,,,,,,,0.6411832319041547,39.03523584318252,,,,,,,,,,,,,,,,,,,2
2017-10-31,344.8395894945592,3.165897702067639,137.01271797749266,,,0.9152310160992144,57.37655035620765,1.8733156978745944,49.96137982816397,1.0259637259807548,62.99254622445038,,,,,,,0.6411832319041547,37.49639510824458,,,,,,,,,,,,,,,,,,,2
2017-11-30,339.53751782834047,3.165897702067639,131.0757781694004,,,0.9152310160992144,60.10506257324376,1.8733156978745944,52.11012890213407,1.0259637259807548,55.64682613506474,,,,,,,0.6411832319041547,40.59972204849748,,,,,,,,,,,,,,,,,,,2
2017-12-31,347.19303939866563,3.165897702067639,127.14876747226246,,,0.9152310160992144,64.16619072742876,1.8733156978745944,56.54272825371108,1.0259637259807548,56.11960213655533,,,,,,,0.6411832319041547,43.215750808707995,,,,,,,,,,,,,,,,,,,2
2018-01-31,374.9335267078397,3.165897702067639,135.188375223608,,,0.9152310160992144,57.37510145456702,1.8733156978745944,75.7069184926068,1.0259637259807548,63.178084944991646,,,,,,,0.6411832319041547,43.485046592066176,,,,,,,,,,,,,,,,,,,2
2018-03-31,405.88870437742105,3.165897702067639,161.22417137135645,,,,,1.8733156978745944,80.26033392941223,1.0259637259807548,65.51407172019414,,,,,,,0.6411832319041547,44.542999903076,,,,,1.2754575994372237,54.347127453382214,,,,,,,,,,,,,2
2018-04-30,377.881508008521,3.165897702067639,142.17656446473774,,,,,1.8733156978745944,80.23312860385906,1.0259637259807548,56.24802372064883,,,,,,,0.6411832319041547,43.30551606982739,,,,,1.2754575994372237,55.91827514944801,,,,,,,,,,,,,2
2018-05-31,405.87938181542654,3.165897702067639,178.0763231946577,,,,,1.8733156978745944,78.09874325575234,1.0259637259807548,59.61762949926744,,,,,,,0.6411832319041547,44.619938760127,,,,,1.2754575994372237,45.46674710562208,,,,,,,,,,,,,2
2018-06-30,388.9656458572243,3.165897702067639,162.15177707928953,1.5440047124420309,46.642964425806824,0.8014798138982446,46.642964425806824,1.8733156978745944,78.26509092274118,1.0259637259807548,55.262849003579866,,,,,,,,,,,,,,,,,,,,,,,,,,,2
2018-07-31,381.4184697237058,3.165897702067639,163.23405217454555,1.5440047124420309,45.53434190156561,0.8014798138982446,48.52753225832562,1.8733156978745944,73.71654914814413,1.0259637259807548,50.405994241125,,,,,,,,,,,,,,,,,,,,,,,,,,,2
2018-08-31,373.4925664125535,3.165897702067639,162.3991490680875,1.5440047124420309,38.52046266070949,0.8014798138982446,52.12673747270838,1.8733156978745944,75.00538268762806,1.0259637259807548,45.44083452342011,,,,,,,,,,,,,,,,,,,,,,,,,,,2
2018-09-30,339.1929210133878,3.165897702067639,139.8574898101985,,,0.8014798138982446,53.44800634590548,,,,,,,,,,,0.5460267567052295,48.62914161909461,,,,,1.1776567639815667,48.62914161909461,0.6717660178078193,48.62914161909461,,,,,,,,,,,2
2018-10-31,295.97689934629807,3.165897702067639,116.63553644846782,,,0.8014798138982446,47.673199121281094,,,,,,,,,,,0.5460267567052295,46.69074913230317,,,,,1.1776567639815667,41.205138463807856,0.6717660178078193,43.77227618043814,,,,,,,,,,,2
2018-11-30,314.58964555620815,3.165897702067639,119.23288798461049,,,0.8014798138982446,56.86321705650254,,,,,,,,,,,0.5460267567052295,52.800785707054274,,,,,1.1776567639815667,37.913396791459704,0.6717660178078193,47.77935801658115,,,,,,,,,,,2
2018-12-31,262.88249934528227,3.165897702067639,98.11358445072112,1.383554365604852,38.72731195165438,0.8014798138982446,47.4541178623368,,,,,,,,,,,0.5460267567052295,45.71882217190443,,,,,1.1776567639815667,32.868662908665556,,,,,,,,,,,,,2
2019-01-31,292.02291018466497,3.165897702067639,118.18159024380776,1.383554365604852,38.28238995069121,0.8014798138982446,49.87166744747177,,,,,,,,,,,0.5460267567052295,47.65175322468981,,,,,1.1776567639815667,38.03550931800446,,,,,,,,,,,,,2
2019-03-31,287.42621553603277,3.165897702067639,127.79814460635735,,,0.8014798138982446,43.99672722195863,,,,,,,,,,,0.5460267567052295,43.56201398340664,,,,,1.1776567639815667,31.92388563137702,,,0.8303470394108878,40.14544409293313,,,,,,,,,2
2019-04-30,300.0367723563262,3.165897702067639,130.05538532140312,,,0.8014798138982446,48.52811010746513,,,,,,,,,,,0.5460267567052295,48.519937934094976,,,,,1.1776567639815667,32.02125624268576,,,0.8303470394108878,40.912082750677186,,,,,,,,,2
2019-05-31,255.17632828269296,3.165897702067639,100.83467632749864,,,0.8014798138982446,45.62739914922859,,,,,,,,,,,0.5460267567052295,42.39897849133178,,,,,1.1776567639815667,28.339852428941153,,,0.8303470394108878,37.97542188569281,,,,,,,,,2
2019-06-30,291.2418763639857,3.165897702067639,119.32563889385074,1.528749944092308,49.09560291034239,,,1.3341310122632986,49.09560291034239,,,,,,,,,,,,,,,1.1776567639815667,31.485418012518192,,,0.8303470394108878,42.239613636931985,,,,,,,,,2
2019-07-31,307.6688636110568,3.165897702067639,138.80614376163055,1.528749944092308,46.79767849009936,,,1.3341310122632986,48.946791605111,,,,,,,,,,,,,,,1.1776567639815667,31.039324537805868,,,0.8303470394108878,42.078925216410006,,,,,,,,,2
2019-08-31,298.10925677302544,3.165897702067639,139.9811335353029,1.528749944092308,51.11607750400104,,,1.3341310122632986,53.0688545814088,,,,,,,,,,,,,,,1.1776567639815667,20.722990368328595,,,0.8303470394108878,33.22020078398413,,,,,,,,,2
2019-09-30,300.0832353502711,3.165897702067639,132.49818823963594,1.528749944092308,48.59166081108094,,,1.3341310122632986,56.85268737527249,0.5985440719707964,26.14207403335771,,,,,,,,,,,,,,,,,0.8303470394108878,35.998624890924035,,,,,,,,,2
2019-10-31,323.07485189485783,3.165897702067639,147.0312412545153,1.528749944092308,51.09850653696937,,,1.3341310122632986,62.07547052621978,0.5985440719707964,22.639806682668787,,,,,,,,,,,,,,,,,0.8303470394108878,40.22982689448459,,,,,,,,,2
2019-11-30,327.8229390247361,3.165897702067639,146.90754922164567,1.528749944092308,49.38794694529015,,,1.3341310122632986,63.84050798180172,0.5985440719707964,22.25706534874395,,,,,,,,,,,,,,,,,0.8303470394108878,45.42986952725463,,,,,,,,,2
2019-12-31,358.8805068289814,3.165897702067639,166.2952669493613,1.528749944092308,55.88297064021856,,,,,0.5985440719707964,28.067872871428087,,,,,1.9300200635196592,54.31719818398673,,,,,,,,,0.8639605393159877,54.31719818398673,,,,,,,,,,,2
2020-01-31,366.9630708589312,3.165897702067639,164.16166995941995,1.528749944092308,58.16043156118707,,,,,0.5985440719707964,28.96558623248472,,,,,1.9300200635196592,61.41002044493303,,,,,,,,,0.8639605393159877,54.26536266090643,,,,,,,,,,,2
2020-02-29,346.6066902008936,3.165897702067639,162.52285317789844,1.528749944092308,57.60541527365368,,,,,0.5985440719707964,24.764984737706303,,,,,1.9300200635196592,55.90624882161176,,,,,,,,,0.8639605393159877,45.80718819002342,,,,,,,,,,,2
2020-03-31,301.4828893258083,3.165897702067639,130.05538532140312,1.528749944092308,58.4443779218814,,,0.4690161230834715,18.55145160913259,,,,,,,1.9300200635196592,43.1037789644583,,,,,,,,,0.8639605393159877,51.32789550893291,,,,,,,,,,,2
2020-04-30,349.7424088348159,3.165897702067639,148.082538995318,1.528749944092308,76.98955097928716,,,0.4690161230834715,19.296194335641637,,,,,,,1.9300200635196592,47.85163023495165,,,,,,,,,0.8639605393159877,57.522494289617455,,,,,,,,,,,2
2020-05-31,360.2683312037762,3.165897702067639,148.14439708869415,1.528749944092308,75.6822255447287,,,0.4690161230834715,20.489894973885093,,,,,,,1.9300200635196592,58.71442786678402,,,,,,,,,0.8639605393159877,57.237385729684185,,,,,,,,,,,2
2020-06-30,376.0006172107639,3.165897702067639,159.30702940046632,1.528749944092308,79.91484581516247,,,,,1.229005608542202,40.937025190376865,0.6724625988349896,40.937025190376865,,,,,,,,,,,,,0.8639605393159877,54.904691614381434,,,,,,,,,,,2
2020-07-31,380.82574156596,3.165897702067639,154.7924996626096,1.528749944092308,89.95551337284765,,,,,1.229005608542202,39.963437312369706,0.6724625988349896,39.74086602776486,,,,,,,,,,,,,0.8639605393159877,56.373425190368195,,,,,,,,,,,2
2020-08-31,360.3050624745979,3.165897702067639,140.72327365557936,1.528749944092308,87.45963710895278,,,,,1.229005608542202,35.62401993605533,0.6724625988349896,43.52007176681387,,,,,,,,,,,,,0.8639605393159877,52.97806000719653,,,,,,,,,,,2
2020-09-30,357.5766695836767,3.165897702067639,145.20686226980672,1.528749944092308,82.48088348110116,,,,,1.229005608542202,33.89010720198382,,,,,,,,,,,,,3.451571123627775,47.9994083153925,,,,,1.5323116174651643,47.9994083153925,,,,,,,2
2020-10-31,390.5959282519228,3.165897702067639,155.65829558493178,1.528749944092308,81.99961510232399,,,,,1.229005608542202,34.98423555851128,,,,,,,,,,,,,3.451571123627775,68.26786585170643,,,,,1.5323116174651643,49.68591615444931,,,,,,,2
2020-11-30,469.2604002943162,3.165897702067639,198.1751916112552,1.528749944092308,76.75392623585948,,,,,1.229005608542202,41.61390092943207,,,,,,,,,,,,,3.451571123627775,86.97012809223091,,,,,1.5323116174651643,65.74725342553852,,,,,,,2
2020-12-31,526.0179016429369,3.165897702067639,232.46708676022433,1.528749944092308,78.15017371001267,,,,,1.229005608542202,51.35904844763263,,,,,,,,,,,,,3.451571123627775,95.4460391097154,,,,,,,0.504843194273733,68.59555361535185,,,,,2
2021-01-31,545.6839599181845,3.165897702067639,242.0217588755152,1.528749944092308,78.29387891067461,,,,,1.229005608542202,52.32335821094212,,,,,,,,,,,,,3.451571123627775,97.10437167292416,,,,,,,0.504843194273733,75.94059224812841,,,,,2
2021-03-31,622.9231522581478,3.165897702067639,272.75764696430747,1.528749944092308,79.17404264820824,,,1.2586048218981911,82.54408851624474,1.229005608542202,61.89232938042671,,,,,,,,,,,,,3.451571123627775,126.55504474896055,,,,,,,,,,,,,2
2021-04-30,662.1011589856856,3.165897702067639,266.1404492831974,1.528749944092308,82.78687956842899,,,1.2586048218981911,100.73755000271068,1.229005608542202,65.48996875350338,,,,,,,,,,,,,3.451571123627775,146.94631137784518,,,,,,,,,,,,,2
2021-05-31,669.1504399728203,3.165897702067639,260.17262873618233,1.528749944092308,97.4712568781266,,,1.2586048218981911,103.89507600193492,1.229005608542202,69.7552057509376,,,,,,,,,,,,,3.451571123627775,137.85627260563882,,,,,,,,,,,,,2
2021-06-30,642.4859952450967,3.165897702067639,262.77001650314895,1.528749944092308,84.07359571075715,,,1.2586048218981911,96.1255303695863,,,,,,,,,,,,,,,3.451571123627775,133.52617982947726,,,,,,,0.3850276660522156,65.99067283212696,,,,,2
2021-07-31,613.337574793714,3.165897702067639,239.88817396251517,1.528749944092308,83.9551535134743,,,1.2586048218981911,96.0927478007542,,,,,,,,,,,,,,,3.451571123627775,129.9024672840725,,,,,,,0.3850276660522156,63.49903223289791,,,,,2
2021-08-31,588.1042760481394,3.165897702067639,227.8906747751089,1.528749944092308,77.5001645642055,,,1.2586048218981911,95.7538601559908,,,,,,,,,,,,,,,3.451571123627775,123.82190138560814,,,,,,,0.3850276660522156,63.137675167226014,,,,,2
2021-09-30,552.8303579124919,3.165897702067639,219.48005130986095,1.528749944092308,72.56869450777532,,,,,,,,,,,,,1.8963904230701591,90.21129184671506,,,,,3.451571123627775,113.68766438826437,,,,,,,0.3850276660522156,56.88265585987621,,,,,2
2021-10-31,552.4622414727397,3.165897702067639,213.96552667787503,1.528749944092308,72.85531179541971,,,,,,,,,,,,,1.8963904230701591,87.4994529629923,,,,,3.451571123627775,120.44806645244782,,,,,,,0.3850276660522156,57.69388358400478,,,,,2
2021-11-30,590.6650560722576,3.165897702067639,260.1027757076608,1.528749944092308,74.0965521989782,,,,,,,,,,,,,1.8963904230701591,80.14145609591658,,,,,3.451571123627775,123.97068508348792,,,,,,,0.3850276660522156,52.35358698621409,,,,,2
2021-12-31,634.3311054245189,3.165897702067639,288.4354490918256,,,,,,,1.700800107744029,83.6756684172271,,,,,,,1.8963904230701591,83.02397040708186,,,,,3.451571123627775,125.45386105086529,,,,,,,0.3850276660522156,53.74215645751904,,,,,2
2022-01-31,571.5064915927844,3.165897702067639,255.01753803138507,,,,,,,1.700800107744029,66.39134182179359,,,,,,,1.8963904230701591,81.31722336681193,,,,,3.451571123627775,118.0242878470939,,,,,,,0.3850276660522156,50.7561005256999,,,,,2
2022-03-31,554.9629257501938,3.165897702067639,241.44051984427625,,,1.544956202627046,89.62290672123726,,,,,,,,,,,1.8963904230701591,87.91666117099744,,,,,,,,,,,,,0.3850276660522156,46.359931292445594,0.8274131661961679,89.62290672123726,,,2
2022-04-30,517.3985483379032,3.165897702067639,211.37289722578356,,,1.544956202627046,84.0301669179186,,,,,,,,,,,1.8963904230701591,95.76771636504304,,,,,,,,,,,,,0.3850276660522156,39.41011318204861,0.8274131661961679,86.81765464710942,,,2
2022-05-31,521.8228534320043,,,,,1.544956202627046,74.55958374562356,,,,,,,,,,,1.8963904230701591,90.3250778763952,,,,,7.328543858571968,229.19928382740548,,,,,,,0.3850276660522156,37.86918882259213,0.8274131661961679,89.869719159988,,,2
2022-06-30,442.89349337811984,,,1.469213404876873,78.68959797191668,1.544956202627046,61.87549473650515,,,,,,,,,,,1.8963904230701591,67.17014531275048,,,,,7.328543858571968,202.75833236013037,,,,,,,0.3850276660522156,32.399922996817146,,,,,2
2022-07-31,461.5283967846113,,,1.469213404876873,60.20083207104431,1.544956202627046,68.48791129135624,,,,,,,,,,,1.8963904230701591,69.69234804782836,,,,,7.328543858571968,225.0675986098375,,,,,,,0.3850276660522156,38.07970676454489,,,,,2
2022-08-31,455.5762336704755,,,1.469213404876873,54.98909926914224,1.544956202627046,67.2982943081086,,,,,,,,,,,1.8963904230701591,66.39262552865792,,,,,7.328543858571968,232.4293264495806,,,,,,,0.3850276660522156,34.46688811498615,,,,,2
2022-09-30,398.32165353537835,,,1.469213404876873,55.879872667417665,1.544956202627046,60.48503769026493,,,,,,,,,,,1.8963904230701591,61.68957814754257,,,,,7.328543858571968,190.26679994329703,,,,,,,0.3850276660522156,30.000365086856124,,,,,2
2022-10-31,451.5414354707746,,,1.469213404876873,57.01728788968454,1.544956202627046,68.68875135434882,,,,,,,,,,,1.8963904230701591,81.69650289825704,,,,,7.328543858571968,213.8781810127243,,,,,,,0.3850276660522156,30.2607123157599,,,,,2
2022-11-30,509.6468918104963,,,1.469213404876873,63.9558217127665,1.544956202627046,73.29272013095259,,,,,,,,,,,1.8963904230701591,83.76356151461437,,,,,7.328543858571968,254.99300788096244,,,,,,,0.3850276660522156,33.641780571200464,,,,,2
2022-12-31,490.7865112772135,,,1.469213404876873,63.59205486689731,1.544956202627046,66.34041721913088,,,,,,,,,,,1.8963904230701591,71.49392039657609,,,,,7.328543858571968,257.0859190573698,0.3935397987629281,32.27419973723944,,,,,,,,,,,2
2023-01-31,584.507562501628,,,1.469213404876873,72.15422575873772,1.544956202627046,79.31805167861415,,,,,,,,,,,1.8963904230701591,92.84727337731772,,,,,7.328543858571968,310.1845382699644,0.3935397987629281,30.00347341699393,,,,,,,,,,,2
2023-03-31,533.8812732931921,,,1.469213404876873,66.82410689897733,1.544956202627046,64.8263608477812,,,0.8752801996026232,24.87565031950824,,,,,,,1.8963904230701591,83.91527622085455,,,,,7.328543858571968,293.4398790060707,,,,,,,,,,,,,2
2023-04-30,517.9081069484603,,,1.469213404876873,65.2296586097164,1.544956202627046,67.14379515172178,,,,,,,,,,,1.8963904230701591,83.0618990836419,,,,,7.328543858571968,279.7300583639079,,,,,,,,,,,0.5181442245631471,22.742695739472264,2
2023-05-31,513.6416448888738,,,1.469213404876873,55.802988704831826,1.544956202627046,69.4148826555164,,,,,,,,,,,1.8963904230701591,90.02165569807018,,,,,7.328543858571968,274.31503089895045,,,,,,,,,,,0.5181442245631471,24.087086931504953,2
2023-06-30,563.9707648799204,,,1.469213404876873,59.29375487869088,1.544956202627046,82.16077132718952,,,,,,,,,,,1.8963904230701591,104.05494048829614,,,,,7.328543858571968,293.37037995199205,0.3719928742621796,25.090918233751857,,,,,,,,,,,2
2023-07-31,560.9412787192812,,,1.469213404876873,59.655128558499115,1.544956202627046,75.13122178394451,,,,,,,,,,,1.8963904230701591,102.99296648123628,,,,,7.328543858571968,297.832968449368,0.3719928742621796,25.328993446233216,,,,,,,,,,,2
2023-08-31,467.00845930202576,0.7908771946114329,54.79043846306137,,,1.544956202627046,64.84181371018998,,,,,,,,,,,1.8963904230701591,94.45920957742057,,,,,7.328543858571968,229.9836362854744,0.3719928742621796,22.93336126587945,,,,,,,,,,,2
2023-09-30,414.86158012247216,0.7908771946114329,53.29414239985231,3.204961445131916,112.03157272563652,1.544956202627046,57.28697882231016,,,3.254305080093193,112.03157272563652,,,,,,,1.8963904230701591,80.21731344903667,,,,,,,,,,,,,,,,,,,2
2023-10-31,381.0123783815307,0.7908771946114329,52.38541079419084,3.204961445131916,114.79039674975438,1.544956202627046,48.86696339251462,,,3.254305080093193,98.57698191641296,,,,,,,1.8963904230701591,66.39262552865792,,,,,,,,,,,,,,,,,,,2
2023-11-30,434.5986068075096,0.7908771946114329,59.73126682203361,3.204961445131916,123.123193809053,1.544956202627046,58.41479614300308,,,3.254305080093193,118.61156447079352,,,,,,,1.8963904230701591,74.71778556262642,,,,,,,,,,,,,,,,,,,2
2023-12-31,462.2144820788842,0.7908771946114329,66.9661893383489,3.204961445131916,128.06205279565089,,,,,,,,,,,,,1.8963904230701591,78.24506567284642,,,,,2.6956821442005485,94.47058713601898,1.2730169559560816,94.47058713601898,,,,,,,,,,,2
2024-01-31,449.1322373780567,0.7908771946114329,67.3780100125541,3.204961445131916,106.77510781091654,,,,,,,,,,,,,1.8963904230701591,78.47263773220669,,,,,2.6956821442005485,100.63557797727842,1.2730169559560816,95.87090384510095,,,,,,,,,,,2
2024-02-29,477.30520488686454,0.7908771946114329,71.19675962958046,3.204961445131916,96.68856436788904,,,,,,,,,,,,,1.8963904230701591,86.2668035284899,,,,,2.6956821442005485,123.31035711677576,1.2730169559560816,99.84272024412942,,,,,,,,,,,2
2024-03-31,517.4083649031556,0.7908771946114329,92.63199826765214,3.204961445131916,110.89018177030424,2.5946382958014422,111.54350469151824,,,,,,,,,,,1.8963904230701591,90.79917548216274,,,,,,,,,,,,,1.084325224131884,111.5435046915182,,,,,2
2024-04-30,534.5490345728479,0.7908771946114329,88.84393110404527,3.204961445131916,126.73349465448362,2.5946382958014422,111.6213406731092,,,,,,,,,,,1.8963904230701591,97.58824943499312,,,,,,,,,,,,,1.084325224131884,109.76201870621658,,,,,2
2024-05-31,534.0348569906548,0.7908771946114329,98.3134835538198,3.204961445131916,130.78746327748075,2.5946382958014422,109.02670237730776,,,,,,,,,,,1.8963904230701591,100.4897317015161,,,,,,,,,,,,,1.084325224131884,95.41747608053048,,,,,2
2024-06-30,541.6750296046728,0.7908771946114329,103.44938232313592,3.204961445131916,130.5691688034404,2.5946382958014422,104.82339110948212,,,,,,,,,,,1.8963904230701591,92.27835769722776,,,,,,,,,,,,,1.084325224131884,110.5547296713866,,,,,2
2024-07-31,541.6830885787415,0.7908771946114329,86.37429831644071,3.204961445131916,153.94068847323626,2.5946382958014422,97.37677207414504,,,,,,,,,,,1.8963904230701591,86.13404954345206,,,,,,,,,,,,,1.084325224131884,117.85728017146742,,,,,2
